"セクション","キー","値"
"保存情報","作成日時","2026-02-07 05:16:22"
"保存情報","元ファイル","pnl_result3.csv"
"設定","start_date","2026-02-06"
"設定","end_date","2026-02-06"
"設定","view_start_date","2025-12-01"
"設定","view_end_date","2025-12-31"
"設定","view_range_months","1"
"設定","download_start_month","2026-02"
"設定","download_end_month","2026-02"
"設定","batch_start_month","2025-01"
"設定","batch_end_month","2025-12"
"設定","exclude_weekends","True"
"設定","x_axis_mode","time"
"設定","chart_type","tick"
"設定","candle_interval","1"
"設定","entry_spike_enabled","False"
"設定","entry_sr_enabled","False"
"設定","entry_momentum_enabled","False"
"設定","entry_reverse_enabled","True"
"設定","hide_chart","False"
"設定","pnl_log_enabled","True"
"設定","pnl_log_path","C:/Users/USER/Desktop/backtester1/pnl_results2.csv"
"設定","ma_filter","True"
"設定","ma_period","2"
"設定","ma_unit","min"
"設定","ma_deviation","0.01"
"設定","zigzag_show","False"
"設定","sr_line_show","False"
"設定","range_band_show","False"
"設定","range_band_bars","30"
"設定","extreme_filter","False"
"設定","extreme_hold_ms","0"
"設定","extreme_distance_pips","0"
"設定","backtest_exclude","True"
"設定","backtest_exclude_hours","[false,false,false,false,false,true,true,true,true,true,true,false,false,false,false,false,false,false,false,false,false,false,false,false]"
"設定","spike_window","500"
"設定","spike_pips","1.0"
"設定","retrace","90"
"設定","reverse_window_seconds","2"
"設定","reverse_pips","10"
"設定","reverse_hold_seconds","1"
"設定","reverse_max_pullback_pips","10"
"設定","reverse_monitor_stop_enabled","False"
"設定","reverse_monitor_stop_pips","0"
"設定","momentum_window_ms","1000"
"設定","momentum_spike_pips","3.0"
"設定","momentum_boundary_pct","50"
"設定","momentum_tick_min_per_min","100"
"設定","momentum_hold_seconds","2"
"設定","momentum_max_pips","0"
"設定","spread","1.0"
"設定","stop_pips","5"
"設定","take_pips","10.0"
"設定","time_close_seconds","0"
"設定","fixed_exit_price","True"
"設定","fast_take_min","5"
"設定","fast_take_window_ms","2000"
"設定","fast_take_pips","5"
"設定","common_stop_enabled","True"
"設定","common_take_enabled","True"
"設定","common_time_enabled","False"
"設定","common_fast_take_enabled","False"
"設定","common_stop_override","True"
"設定","common_take_override","True"
"設定","common_time_override","True"
"設定","common_fixed_override","True"
"設定","common_namping_override","True"
"設定","common_fast_take_override","True"
"設定","reverse_stop_pips","10.0"
"設定","reverse_take_pips","10.0"
"設定","reverse_time_close_seconds","0"
"設定","reverse_fixed_exit_price","True"
"設定","reverse_fast_take_min","5"
"設定","reverse_fast_take_window_ms","2000"
"設定","reverse_fast_take_pips","5"
"設定","reverse_stop_enabled","True"
"設定","reverse_take_enabled","True"
"設定","reverse_time_enabled","False"
"設定","reverse_fast_take_enabled","False"
"設定","momentum_stop_pips","10.0"
"設定","momentum_take_pips","10.0"
"設定","momentum_time_close_seconds","0"
"設定","momentum_fixed_exit_price","True"
"設定","momentum_fast_take_min","5"
"設定","momentum_fast_take_window_ms","2000"
"設定","momentum_fast_take_pips","5"
"設定","momentum_stop_enabled","True"
"設定","momentum_take_enabled","True"
"設定","momentum_time_enabled","False"
"設定","momentum_fast_take_enabled","False"
"設定","sr_stop_pips","10.0"
"設定","sr_take_pips","10.0"
"設定","sr_time_close_seconds","0"
"設定","sr_fixed_exit_price","True"
"設定","sr_fast_take_min","5"
"設定","sr_fast_take_window_ms","2000"
"設定","sr_fast_take_pips","5"
"設定","sr_stop_enabled","True"
"設定","sr_take_enabled","True"
"設定","sr_time_enabled","False"
"設定","sr_fast_take_enabled","False"
"設定","spike_stop_pips","10.0"
"設定","spike_take_pips","10.0"
"設定","spike_time_close_seconds","0"
"設定","spike_fixed_exit_price","True"
"設定","spike_fast_take_min","5"
"設定","spike_fast_take_window_ms","2000"
"設定","spike_fast_take_pips","5"
"設定","spike_stop_enabled","True"
"設定","spike_take_enabled","True"
"設定","spike_time_enabled","False"
"設定","spike_fast_take_enabled","False"
"設定","allow_same_direction","True"
"設定","allow_opposite_direction","True"
"設定","namping_first_enabled","True"
"設定","namping_step1_enabled","False"
"設定","namping_step2_enabled","False"
"設定","namping_step1_pips","5"
"設定","namping_step2_pips","5"
"設定","namping_step1_lot","2"
"設定","namping_step2_lot","4"
"設定","namping_step3_enabled","False"
"設定","namping_step4_enabled","False"
"設定","namping_step5_enabled","False"
"設定","namping_step3_pips","5"
"設定","namping_step4_pips","5"
"設定","namping_step5_pips","5"
"設定","namping_step3_lot","8"
"設定","namping_step4_lot","16"
"設定","namping_step5_lot","32"
"設定","reverse_namping_first_enabled","True"
"設定","reverse_namping_step1_enabled","True"
"設定","reverse_namping_step2_enabled","True"
"設定","reverse_namping_step3_enabled","False"
"設定","reverse_namping_step4_enabled","False"
"設定","reverse_namping_step5_enabled","False"
"設定","reverse_namping_step1_pips","5"
"設定","reverse_namping_step2_pips","5"
"設定","reverse_namping_step3_pips","5"
"設定","reverse_namping_step4_pips","5"
"設定","reverse_namping_step5_pips","5"
"設定","reverse_namping_step1_lot","2"
"設定","reverse_namping_step2_lot","4"
"設定","reverse_namping_step3_lot","8"
"設定","reverse_namping_step4_lot","16"
"設定","reverse_namping_step5_lot","32"
"設定","momentum_namping_first_enabled","True"
"設定","momentum_namping_step1_enabled","True"
"設定","momentum_namping_step2_enabled","True"
"設定","momentum_namping_step3_enabled","False"
"設定","momentum_namping_step4_enabled","False"
"設定","momentum_namping_step5_enabled","False"
"設定","momentum_namping_step1_pips","5"
"設定","momentum_namping_step2_pips","5"
"設定","momentum_namping_step3_pips","5"
"設定","momentum_namping_step4_pips","5"
"設定","momentum_namping_step5_pips","5"
"設定","momentum_namping_step1_lot","2"
"設定","momentum_namping_step2_lot","4"
"設定","momentum_namping_step3_lot","8"
"設定","momentum_namping_step4_lot","16"
"設定","momentum_namping_step5_lot","32"
"設定","sr_namping_first_enabled","True"
"設定","sr_namping_step1_enabled","True"
"設定","sr_namping_step2_enabled","True"
"設定","sr_namping_step3_enabled","False"
"設定","sr_namping_step4_enabled","False"
"設定","sr_namping_step5_enabled","False"
"設定","sr_namping_step1_pips","5"
"設定","sr_namping_step2_pips","5"
"設定","sr_namping_step3_pips","5"
"設定","sr_namping_step4_pips","5"
"設定","sr_namping_step5_pips","5"
"設定","sr_namping_step1_lot","2"
"設定","sr_namping_step2_lot","4"
"設定","sr_namping_step3_lot","8"
"設定","sr_namping_step4_lot","16"
"設定","sr_namping_step5_lot","32"
"設定","spike_namping_first_enabled","True"
"設定","spike_namping_step1_enabled","True"
"設定","spike_namping_step2_enabled","True"
"設定","spike_namping_step3_enabled","False"
"設定","spike_namping_step4_enabled","False"
"設定","spike_namping_step5_enabled","False"
"設定","spike_namping_step1_pips","5"
"設定","spike_namping_step2_pips","5"
"設定","spike_namping_step3_pips","5"
"設定","spike_namping_step4_pips","5"
"設定","spike_namping_step5_pips","5"
"設定","spike_namping_step1_lot","2"
"設定","spike_namping_step2_lot","4"
"設定","spike_namping_step3_lot","8"
"設定","spike_namping_step4_lot","16"
"設定","spike_namping_step5_lot","32"
"設定","sr_zigzag_pips","10.0"
"設定","sr_break_pips","0.01"
"設定","sr_min_bars","10"
"設定","sr_reentry_break_pips","10.0"
"設定","sr_reentry_tick_limit","100"
"設定","sr_reentry_tick_min","0"
"設定","sr_reentry_tick_limit_enabled","True"
"設定","sr_reentry_tick_min_enabled","True"
"設定","sr_reentry_wait_bars","3"
"設定","sr_reentry_min_seconds","30"
"設定","sr_reentry_max_seconds","1800"
"設定","sr_reentry_midpoint","50"
"設定","sr_reentry_dominance","50"
"設定","sr_reentry_move_ratio","100"
"設定","sr_reentry_speed_ratio","100"
"設定","sr_reentry_ratio_join","両方"
"設定","sr_reentry_favored_tick_min","1.0"
"設定","sr_reentry_midpoint_enabled","True"
"設定","sr_reentry_dominance_enabled","True"
"設定","sr_reentry_move_ratio_enabled","True"
"設定","sr_reentry_speed_ratio_enabled","True"
"設定","sr_reentry_favored_tick_min_enabled","True"
"設定","sr_reentry_target","両方"
"設定","signal_chain_pos_pips","10"
"設定","signal_chain_neg_pips","5"
"設定","signal_chain_count","3"
"設定","signal_chain_monitor_minutes","240"
"設定","signal_chain_ignore_reverse","False"
"設定","signal_chain_ignore_momentum","False"
"設定","signal_chain_ignore_sr","False"
"設定","signal_chain_ignore_spike","False"
"設定","signal_chain_enabled","False"
"設定","signal_chain_count_reverse","True"
"設定","signal_chain_count_momentum","True"
"設定","signal_chain_count_sr","True"
"設定","signal_chain_count_spike","True"
"設定","signal_chain_trigger_reverse","True"
"設定","signal_chain_trigger_momentum","True"
"設定","signal_chain_trigger_sr","True"
"設定","signal_chain_trigger_spike","True"

年月,取引数,勝ち,負け,合計損益,最大DD,ロング損益,ショート損益,秒逆張り損益,勢い追随損益,水平線戻り損益,スパイク損益
2025年01月,31,11,20,10.00,20.00,25.00,-15.00,10.00,0.00,0.00,0.00
2025年02月,18,4,14,-30.00,50.00,-40.00,10.00,-30.00,0.00,0.00,0.00
2025年03月,22,6,16,-20.00,40.00,5.00,-25.00,-20.00,0.00,0.00,0.00
2025年04月,90,27,63,-45.00,95.00,-20.00,-25.00,-45.00,0.00,0.00,0.00
2025年05月,18,3,15,-45.00,60.00,-25.00,-20.00,-45.00,0.00,0.00,0.00
2025年06月,16,4,12,-20.00,35.00,5.00,-25.00,-20.00,0.00,0.00,0.00
2025年07月,31,6,25,-65.00,80.00,-25.00,-40.00,-65.00,0.00,0.00,0.00
2025年08月,22,0,22,-110.00,110.00,-90.00,-20.00,-110.00,0.00,0.00,0.00
2025年09月,25,6,19,-35.00,50.00,-30.00,-5.00,-35.00,0.00,0.00,0.00
2025年10月,23,5,18,-40.00,60.00,-15.00,-25.00,-40.00,0.00,0.00,0.00
2025年11月,13,6,7,25.00,10.00,45.00,-20.00,25.00,0.00,0.00,0.00
2025年12月,23,9,14,20.00,15.00,15.00,5.00,20.00,0.00,0.00,0.00
