開始日,終了日,実行ID,取引ID,in時刻,out時刻,方向,in価格,out価格,ロット合計,損益,累計損益,in理由,out理由,ライン種別,ナンピン回数,平均in価格
2025-01-01,2025-01-31,20260208_232255,20260208_232255-0001,2025-01-10 22:30:01.667000,2025-01-10 22:30:01.855000,売り,158.41900,158.36900,1.00,5.00,5.00,水平線手前,,支持抵抗,0,158.41900
2025-01-01,2025-01-31,20260208_232255,20260208_232255-0002,2025-01-10 22:30:03.365000,2025-01-10 22:30:05.146000,売り,158.52200,158.57200,1.00,-5.00,0.00,水平線手前,,支持抵抗,0,158.52200
2025-01-01,2025-01-31,20260208_232255,20260208_232255-0003,2025-01-15 22:30:01.352000,2025-01-15 22:30:01.886000,買い,156.65400,156.60400,1.00,-5.00,-5.00,水平線手前,,支持抵抗,0,156.65400
2025-01-01,2025-01-31,20260208_232255,20260208_232255-0004,2025-01-15 22:30:01.938000,2025-01-15 22:30:02.952000,買い,156.42400,156.47400,1.00,5.00,0.00,水平線手前,,支持抵抗,0,156.42400
2025-01-01,2025-01-31,20260208_232255,20260208_232255-0005,2025-01-24 15:44:22.759000,2025-01-24 15:44:23.097000,売り,155.69100,155.64100,1.00,5.00,5.00,水平線手前,,支持抵抗,0,155.69100
2025-01-01,2025-01-31,20260208_232255,20260208_232255-0006,2025-01-24 23:45:00.285000,2025-01-24 23:45:01.355000,買い,156.11100,156.16100,1.00,5.00,10.00,水平線手前,,支持抵抗,0,156.11100
2025-02-01,2025-02-28,20260208_232406,20260208_232406-0001,2025-02-05 00:00:02.439000,2025-02-05 00:00:15.917000,買い,154.86100,154.81100,1.00,-5.00,5.00,水平線手前,,支持抵抗,0,154.86100
2025-02-01,2025-02-28,20260208_232406,20260208_232406-0002,2025-02-06 00:00:00.256000,2025-02-06 00:00:04.135000,買い,152.53400,152.58400,1.00,5.00,10.00,水平線手前,,支持抵抗,0,152.53400
2025-02-01,2025-02-28,20260208_232406,20260208_232406-0003,2025-02-07 22:30:03.428000,2025-02-07 22:30:04.468000,買い,151.46400,151.41400,1.00,-5.00,5.00,水平線手前,,支持抵抗,0,151.46400
2025-02-01,2025-02-28,20260208_232406,20260208_232406-0004,2025-02-12 22:30:00.270000,2025-02-12 22:30:00.372000,買い,153.41600,153.36600,1.00,-5.00,0.00,水平線手前,,支持抵抗,0,153.41600
2025-02-01,2025-02-28,20260208_232406,20260208_232406-0005,2025-02-12 22:30:00.424000,2025-02-12 22:30:01.299000,買い,153.30100,153.35100,1.00,5.00,5.00,水平線手前,,支持抵抗,0,153.30100
2025-02-01,2025-02-28,20260208_232406,20260208_232406-0006,2025-02-12 22:30:01.299000,2025-02-12 22:30:01.353000,売り,153.87500,153.92500,1.00,-5.00,0.00,水平線手前,,支持抵抗,0,153.87500
2025-03-01,2025-03-31,20260208_232537,20260208_232537-0001,2025-03-13 21:30:01.218000,2025-03-13 21:30:01.856000,買い,147.74100,147.79100,1.00,5.00,5.00,水平線手前,,支持抵抗,0,147.74100
2025-03-01,2025-03-31,20260208_232537,20260208_232537-0002,2025-03-17 21:30:01.621000,2025-03-17 21:30:01.829000,買い,148.43600,148.38600,1.00,-5.00,0.00,水平線手前,,支持抵抗,0,148.43600
2025-03-01,2025-03-31,20260208_232537,20260208_232537-0003,2025-03-17 21:30:03.478000,2025-03-17 21:30:05.094000,買い,148.27400,148.32400,1.00,5.00,5.00,水平線手前,,支持抵抗,0,148.27400
2025-03-01,2025-03-31,20260208_232537,20260208_232537-0004,2025-03-28 21:30:03.112000,2025-03-28 21:30:05.635000,売り,150.93200,150.88200,1.00,5.00,10.00,水平線手前,,支持抵抗,0,150.93200
2025-04-01,2025-04-30,20260208_232736,20260208_232736-0001,2025-04-03 23:00:00.135000,2025-04-03 23:00:00.800000,買い,145.52600,145.47600,1.00,-5.00,5.00,水平線手前,,支持抵抗,0,145.52600
2025-04-01,2025-04-30,20260208_232736,20260208_232736-0002,2025-04-10 02:18:44.800000,2025-04-10 02:18:46.457000,買い,144.58800,144.63800,1.00,5.00,10.00,水平線手前,,支持抵抗,0,144.58800
2025-04-01,2025-04-30,20260208_232736,20260208_232736-0003,2025-04-10 02:21:02.844000,2025-04-10 02:21:04.320000,売り,145.74900,145.69900,1.00,5.00,15.00,水平線手前,,支持抵抗,0,145.74900
2025-04-01,2025-04-30,20260208_232736,20260208_232736-0004,2025-04-11 22:39:44.041000,2025-04-11 22:39:51.623000,売り,143.53900,143.48900,1.00,5.00,20.00,水平線手前,,支持抵抗,0,143.53900
2025-04-01,2025-04-30,20260208_232736,20260208_232736-0005,2025-04-23 22:37:44.911000,2025-04-23 22:37:46.923000,売り,142.19000,142.24000,1.00,-5.00,15.00,水平線手前,,支持抵抗,0,142.19000
2025-04-01,2025-04-30,20260208_232736,20260208_232736-0006,2025-04-25 19:17:25.827000,2025-04-25 19:17:26.661000,売り,143.66800,143.61800,1.00,5.00,20.00,水平線手前,,支持抵抗,0,143.66800
2025-05-01,2025-05-31,20260208_232849,20260208_232849-0001,2025-05-01 23:00:11.301000,2025-05-01 23:00:12.813000,売り,144.77400,144.82400,1.00,-5.00,15.00,水平線手前,,支持抵抗,0,144.77400
2025-05-01,2025-05-31,20260208_232849,20260208_232849-0002,2025-05-20 11:57:42.680000,2025-05-20 11:57:43.783000,売り,145.26800,145.21800,1.00,5.00,20.00,水平線手前,,支持抵抗,0,145.26800
2025-05-01,2025-05-31,20260208_232849,20260208_232849-0003,2025-05-27 23:00:02.354000,2025-05-27 23:00:04.139000,売り,144.30000,144.35000,1.00,-5.00,15.00,水平線手前,,支持抵抗,0,144.30000
2025-06-01,2025-06-30,20260208_232948,20260208_232948-0001,2025-06-04 23:00:00.158000,2025-06-04 23:00:00.571000,買い,143.43900,143.38900,1.00,-5.00,10.00,水平線手前,,支持抵抗,0,143.43900
2025-06-01,2025-06-30,20260208_232948,20260208_232948-0002,2025-06-06 21:30:02.208000,2025-06-06 21:30:02.724000,売り,144.43400,144.48400,1.00,-5.00,5.00,水平線手前,,支持抵抗,0,144.43400
2025-06-01,2025-06-30,20260208_232948,20260208_232948-0003,2025-06-11 21:04:42.980000,2025-06-11 21:04:50.481000,売り,145.30700,145.35700,1.00,-5.00,0.00,水平線手前,,支持抵抗,0,145.30700
2025-06-01,2025-06-30,20260208_232948,20260208_232948-0004,2025-06-17 21:30:01.162000,2025-06-17 21:30:01.423000,買い,144.44000,144.39000,1.00,-5.00,-5.00,水平線手前,,支持抵抗,0,144.44000
2025-06-01,2025-06-30,20260208_232948,20260208_232948-0005,2025-06-17 21:30:01.370000,2025-06-17 21:30:04.948000,買い,144.41500,144.46500,1.00,5.00,0.00,水平線手前,,支持抵抗,0,144.41500
2025-07-01,2025-07-31,20260208_233234,20260208_233234-0001,2025-07-01 23:00:01.224000,2025-07-01 23:00:01.689000,売り,143.33900,143.38900,1.00,-5.00,-5.00,水平線手前,,支持抵抗,0,143.33900
2025-07-01,2025-07-31,20260208_233234,20260208_233234-0002,2025-07-01 23:00:01.535000,2025-07-01 23:00:11.685000,売り,143.36700,143.31700,1.00,5.00,0.00,水平線手前,,支持抵抗,0,143.36700
2025-07-01,2025-07-31,20260208_233234,20260208_233234-0003,2025-07-03 21:30:00.028000,2025-07-03 21:30:00.234000,買い,143.74700,143.79700,1.00,5.00,5.00,水平線手前,,支持抵抗,0,143.74700
2025-07-01,2025-07-31,20260208_233234,20260208_233234-0004,2025-07-03 21:30:00.389000,2025-07-03 21:30:00.697000,買い,143.75600,143.80600,1.00,5.00,10.00,水平線手前,,支持抵抗,0,143.75600
2025-07-01,2025-07-31,20260208_233039,20260208_233039-0001,2025-07-03 21:30:01.420000,2025-07-03 21:30:01.573000,売り,144.32500,144.37500,1.00,-5.00,5.00,水平線手前,,支持抵抗,0,144.32500
2025-07-01,2025-07-31,20260208_233234,20260208_233234-0005,2025-07-03 21:30:01.420000,2025-07-03 21:30:01.573000,売り,144.32500,144.37500,1.00,-5.00,0.00,水平線手前,,支持抵抗,0,144.32500
2025-07-01,2025-07-31,20260208_233039,20260208_233039-0002,2025-07-03 21:30:02.089000,2025-07-03 21:30:02.450000,売り,144.46900,144.51900,1.00,-5.00,-5.00,水平線手前,,支持抵抗,0,144.46900
2025-07-01,2025-07-31,20260208_233234,20260208_233234-0006,2025-07-03 21:30:02.089000,2025-07-03 21:30:02.450000,売り,144.46900,144.51900,1.00,-5.00,-10.00,水平線手前,,支持抵抗,0,144.46900
2025-07-01,2025-07-31,20260208_233039,20260208_233039-0003,2025-07-17 00:16:34.064000,2025-07-17 00:16:36.437000,買い,147.57300,147.52300,1.00,-5.00,-15.00,水平線手前,,支持抵抗,0,147.57300
2025-07-01,2025-07-31,20260208_233234,20260208_233234-0007,2025-07-17 00:16:34.064000,2025-07-17 00:16:36.437000,買い,147.57300,147.52300,1.00,-5.00,-20.00,水平線手前,,支持抵抗,0,147.57300
2025-07-01,2025-07-31,20260208_233234,20260208_233234-0008,2025-07-17 00:16:39.080000,2025-07-17 00:16:39.133000,買い,147.36800,147.31800,1.00,-5.00,-25.00,水平線手前,,支持抵抗,0,147.36800
2025-07-01,2025-07-31,20260208_233234,20260208_233234-0009,2025-07-17 00:16:39.889000,2025-07-17 00:16:41.641000,買い,147.25200,147.30200,1.00,5.00,-20.00,水平線手前,,支持抵抗,0,147.25200
2025-07-01,2025-07-31,20260208_233234,20260208_233234-0010,2025-07-17 00:16:40.272000,2025-07-17 00:16:41.696000,買い,147.25700,147.30700,1.00,5.00,-15.00,水平線手前,,支持抵抗,0,147.25700
2025-07-01,2025-07-31,20260208_233039,20260208_233039-0004,2025-07-17 00:17:51.891000,2025-07-17 00:17:52.632000,買い,147.18000,147.13000,1.00,-5.00,-20.00,水平線手前,,支持抵抗,0,147.18000
2025-07-01,2025-07-31,20260208_233234,20260208_233234-0011,2025-07-17 00:17:51.891000,2025-07-17 00:17:52.632000,買い,147.18000,147.13000,1.00,-5.00,-25.00,水平線手前,,支持抵抗,0,147.18000
2025-07-01,2025-07-31,20260208_233234,20260208_233234-0012,2025-07-17 00:17:52.420000,2025-07-17 00:17:53.219000,買い,147.14400,147.09400,1.00,-5.00,-30.00,水平線手前,,支持抵抗,0,147.14400
2025-07-01,2025-07-31,20260208_233234,20260208_233234-0013,2025-07-17 00:17:53.535000,2025-07-17 00:17:54.978000,買い,147.07900,147.12900,1.00,5.00,-25.00,水平線手前,,支持抵抗,0,147.07900
2025-07-01,2025-07-31,20260208_233234,20260208_233234-0014,2025-07-17 00:18:01.550000,2025-07-17 00:18:03.404000,買い,147.02900,147.07900,1.00,5.00,-20.00,水平線手前,,支持抵抗,0,147.02900
2025-08-01,2025-08-31,20260208_233134,20260208_233134-0001,2025-08-01 21:30:01.313000,2025-08-01 21:30:01.364000,買い,150.31200,150.26200,1.00,-5.00,-25.00,水平線手前,,支持抵抗,0,150.31200
2025-08-01,2025-08-31,20260208_233134,20260208_233134-0002,2025-08-01 23:00:00.125000,2025-08-01 23:00:00.178000,買い,147.97900,147.92900,1.00,-5.00,-30.00,水平線手前,,支持抵抗,0,147.97900
2025-08-01,2025-08-31,20260208_233134,20260208_233134-0003,2025-08-05 23:00:02.105000,2025-08-05 23:00:06.343000,買い,147.53800,147.48800,1.00,-5.00,-35.00,水平線手前,,支持抵抗,0,147.53800
2025-08-01,2025-08-31,20260208_233134,20260208_233134-0004,2025-08-12 21:30:09.652000,2025-08-12 21:30:11.058000,買い,147.89900,147.94900,1.00,5.00,-30.00,水平線手前,,支持抵抗,0,147.89900
2025-08-01,2025-08-31,20260208_233134,20260208_233134-0005,2025-08-14 21:30:02.152000,2025-08-14 21:30:03.333000,売り,146.74200,146.79200,1.00,-5.00,-35.00,水平線手前,,支持抵抗,0,146.74200
2025-08-01,2025-08-31,20260208_233134,20260208_233134-0006,2025-08-22 23:00:01.812000,2025-08-22 23:00:01.915000,買い,148.44500,148.39500,1.00,-5.00,-40.00,水平線手前,,支持抵抗,0,148.44500
2025-08-01,2025-08-31,20260208_233134,20260208_233134-0007,2025-08-22 23:00:02.960000,2025-08-22 23:00:03.478000,買い,148.30700,148.25700,1.00,-5.00,-45.00,水平線手前,,支持抵抗,0,148.30700
2025-09-01,2025-09-30,20260208_233230,20260208_233230-0001,2025-09-03 23:00:01.760000,2025-09-03 23:00:02.180000,買い,148.46600,148.41600,1.00,-5.00,-50.00,水平線手前,,支持抵抗,0,148.46600
2025-09-01,2025-09-30,20260208_233230,20260208_233230-0002,2025-09-04 21:15:01.816000,2025-09-04 21:15:02.602000,買い,148.05000,148.10000,1.00,5.00,-45.00,水平線手前,,支持抵抗,0,148.05000
2025-09-01,2025-09-30,20260208_233230,20260208_233230-0003,2025-09-04 23:00:00.294000,2025-09-04 23:00:01.633000,売り,148.54500,148.59500,1.00,-5.00,-50.00,水平線手前,,支持抵抗,0,148.54500
2025-09-01,2025-09-30,20260208_233230,20260208_233230-0004,2025-09-05 21:30:01.201000,2025-09-05 21:30:01.304000,買い,147.67900,147.72900,1.00,5.00,-45.00,水平線手前,,支持抵抗,0,147.67900
2025-09-01,2025-09-30,20260208_233230,20260208_233230-0005,2025-09-10 21:30:01.427000,2025-09-10 21:30:01.530000,買い,147.29600,147.34600,1.00,5.00,-40.00,水平線手前,,支持抵抗,0,147.29600
2025-09-01,2025-09-30,20260208_233230,20260208_233230-0006,2025-09-10 21:30:04.270000,2025-09-10 21:30:05.895000,買い,147.11600,147.16600,1.00,5.00,-35.00,水平線手前,,支持抵抗,0,147.11600
2025-09-01,2025-09-30,20260208_233230,20260208_233230-0007,2025-09-11 21:30:04.708000,2025-09-11 21:30:06.808000,売り,148.15100,148.10100,1.00,5.00,-30.00,水平線手前,,支持抵抗,0,148.15100
2025-09-01,2025-09-30,20260208_233230,20260208_233230-0008,2025-09-18 03:00:00.927000,2025-09-18 03:00:01.042000,買い,146.16600,146.21600,1.00,5.00,-25.00,水平線手前,,支持抵抗,0,146.16600
2025-10-01,2025-10-31,20260208_231738,20260208_231738-0001,2025-10-01 21:15:47.320000,2025-10-01 21:15:47.424000,買い,146.90200,146.85200,1.00,-5.00,-30.00,水平線手前,,支持抵抗,0,146.90200
2025-10-01,2025-10-31,20260208_231800,20260208_231800-0001,2025-10-01 21:15:47.320000,2025-10-01 21:15:47.424000,買い,146.90200,146.85200,1.00,-5.00,-35.00,水平線手前,,支持抵抗,0,146.90200
2025-10-01,2025-10-31,20260208_231826,20260208_231826-0001,2025-10-01 21:15:47.320000,2025-10-01 21:15:47.424000,買い,146.90200,146.85200,1.00,-5.00,-40.00,水平線手前,,支持抵抗,0,146.90200
2025-10-01,2025-10-31,20260208_231855,20260208_231855-0001,2025-10-01 21:15:47.320000,2025-10-01 21:15:47.424000,買い,146.90200,146.85200,1.00,-5.00,-45.00,水平線手前,,支持抵抗,0,146.90200
2025-10-01,2025-10-31,20260208_231738,20260208_231738-0002,2025-10-03 23:00:00.307000,2025-10-03 23:00:00.410000,買い,147.09000,147.14000,1.00,5.00,-40.00,水平線手前,,支持抵抗,0,147.09000
2025-10-01,2025-10-31,20260208_231800,20260208_231800-0002,2025-10-03 23:00:00.307000,2025-10-03 23:00:00.410000,買い,147.09000,147.14000,1.00,5.00,-35.00,水平線手前,,支持抵抗,0,147.09000
2025-10-01,2025-10-31,20260208_231826,20260208_231826-0002,2025-10-03 23:00:00.307000,2025-10-03 23:00:00.410000,買い,147.09000,147.14000,1.00,5.00,-30.00,水平線手前,,支持抵抗,0,147.09000
2025-10-01,2025-10-31,20260208_231855,20260208_231855-0002,2025-10-03 23:00:00.307000,2025-10-03 23:00:00.410000,買い,147.09000,147.14000,1.00,5.00,-25.00,水平線手前,,支持抵抗,0,147.09000
2025-10-01,2025-10-31,20260208_231855,20260208_231855-0003,2025-10-03 23:00:00.585000,2025-10-03 23:00:02.572000,買い,147.08600,147.13600,1.00,5.00,-20.00,水平線手前,,支持抵抗,0,147.08600
2025-10-01,2025-10-31,20260208_231738,20260208_231738-0003,2025-10-03 23:00:00.461000,2025-10-03 23:00:02.886000,買い,147.10600,147.15600,1.00,5.00,-15.00,水平線手前,,支持抵抗,0,147.10600
2025-10-01,2025-10-31,20260208_231800,20260208_231800-0003,2025-10-03 23:00:00.461000,2025-10-03 23:00:02.886000,買い,147.10600,147.15600,1.00,5.00,-10.00,水平線手前,,支持抵抗,0,147.10600
2025-10-01,2025-10-31,20260208_231826,20260208_231826-0003,2025-10-03 23:00:00.461000,2025-10-03 23:00:02.886000,買い,147.10600,147.15600,1.00,5.00,-5.00,水平線手前,,支持抵抗,0,147.10600
2025-10-01,2025-10-31,20260208_231855,20260208_231855-0004,2025-10-03 23:00:00.461000,2025-10-03 23:00:02.886000,買い,147.10600,147.15600,1.00,5.00,0.00,水平線手前,,支持抵抗,0,147.10600
2025-10-01,2025-10-31,20260208_231855,20260208_231855-0005,2025-10-09 22:06:59.876000,2025-10-09 22:07:01.960000,買い,152.60300,152.55300,1.00,-5.00,-5.00,水平線手前,,支持抵抗,0,152.60300
2025-10-01,2025-10-31,20260208_231738,20260208_231738-0004,2025-10-09 22:07:02.848000,2025-10-09 22:07:03.427000,買い,152.44200,152.39200,1.00,-5.00,-10.00,水平線手前,,支持抵抗,0,152.44200
2025-10-01,2025-10-31,20260208_231738,20260208_231738-0005,2025-10-09 22:07:03.007000,2025-10-09 22:07:03.427000,買い,152.41300,152.36300,1.00,-5.00,-15.00,水平線手前,,支持抵抗,0,152.41300
2025-10-01,2025-10-31,20260208_231800,20260208_231800-0004,2025-10-09 22:07:02.848000,2025-10-09 22:07:03.427000,買い,152.44200,152.39200,1.00,-5.00,-20.00,水平線手前,,支持抵抗,0,152.44200
2025-10-01,2025-10-31,20260208_231800,20260208_231800-0005,2025-10-09 22:07:03.007000,2025-10-09 22:07:03.427000,買い,152.41300,152.36300,1.00,-5.00,-25.00,水平線手前,,支持抵抗,0,152.41300
2025-10-01,2025-10-31,20260208_231826,20260208_231826-0004,2025-10-09 22:07:02.848000,2025-10-09 22:07:03.427000,買い,152.44200,152.39200,1.00,-5.00,-30.00,水平線手前,,支持抵抗,0,152.44200
2025-10-01,2025-10-31,20260208_231826,20260208_231826-0005,2025-10-09 22:07:03.007000,2025-10-09 22:07:03.427000,買い,152.41300,152.36300,1.00,-5.00,-35.00,水平線手前,,支持抵抗,0,152.41300
2025-10-01,2025-10-31,20260208_231855,20260208_231855-0006,2025-10-09 22:07:02.848000,2025-10-09 22:07:03.427000,買い,152.44200,152.39200,1.00,-5.00,-40.00,水平線手前,,支持抵抗,0,152.44200
2025-10-01,2025-10-31,20260208_231855,20260208_231855-0007,2025-10-09 22:07:03.007000,2025-10-09 22:07:03.427000,買い,152.41300,152.36300,1.00,-5.00,-45.00,水平線手前,,支持抵抗,0,152.41300
2025-10-01,2025-10-31,20260208_231826,20260208_231826-0006,2025-10-09 22:07:03.427000,2025-10-09 22:07:03.748000,買い,152.36600,152.31600,1.00,-5.00,-50.00,水平線手前,,支持抵抗,0,152.36600
2025-10-01,2025-10-31,20260208_231855,20260208_231855-0008,2025-10-09 22:07:03.427000,2025-10-09 22:07:03.748000,買い,152.36600,152.31600,1.00,-5.00,-55.00,水平線手前,,支持抵抗,0,152.36600
2025-10-01,2025-10-31,20260208_231855,20260208_231855-0009,2025-10-09 22:07:03.639000,2025-10-09 22:07:03.748000,買い,152.36300,152.31300,1.00,-5.00,-60.00,水平線手前,,支持抵抗,0,152.36300
2025-10-01,2025-10-31,20260208_231738,20260208_231738-0006,2025-10-09 22:07:03.800000,2025-10-09 22:07:04.906000,買い,152.28800,152.33800,1.00,5.00,-55.00,水平線手前,,支持抵抗,0,152.28800
2025-10-01,2025-10-31,20260208_231826,20260208_231826-0007,2025-10-09 22:07:03.800000,2025-10-09 22:07:04.906000,買い,152.28800,152.33800,1.00,5.00,-50.00,水平線手前,,支持抵抗,0,152.28800
2025-10-01,2025-10-31,20260208_231855,20260208_231855-0010,2025-10-09 22:07:03.800000,2025-10-09 22:07:04.906000,買い,152.28800,152.33800,1.00,5.00,-45.00,水平線手前,,支持抵抗,0,152.28800
2025-10-01,2025-10-31,20260208_231826,20260208_231826-0008,2025-10-09 22:07:08.703000,2025-10-09 22:07:09.071000,買い,152.39400,152.44400,1.00,5.00,-40.00,水平線手前,,支持抵抗,0,152.39400
2025-10-01,2025-10-31,20260208_231855,20260208_231855-0011,2025-10-09 22:07:08.703000,2025-10-09 22:07:09.071000,買い,152.39400,152.44400,1.00,5.00,-35.00,水平線手前,,支持抵抗,0,152.39400
2025-10-01,2025-10-31,20260208_231855,20260208_231855-0012,2025-10-09 22:07:12.265000,2025-10-09 22:07:14.093000,買い,152.37400,152.32400,1.00,-5.00,-40.00,水平線手前,,支持抵抗,0,152.37400
2025-10-01,2025-10-31,20260208_231738,20260208_231738-0007,2025-10-09 22:11:24.483000,2025-10-09 22:11:25.375000,買い,152.50600,152.45600,1.00,-5.00,-45.00,水平線手前,,支持抵抗,0,152.50600
2025-10-01,2025-10-31,20260208_231738,20260208_231738-0008,2025-10-09 22:11:25.480000,2025-10-09 22:11:26.709000,買い,152.44200,152.39200,1.00,-5.00,-50.00,水平線手前,,支持抵抗,0,152.44200
2025-10-01,2025-10-31,20260208_231826,20260208_231826-0009,2025-10-09 22:11:27.683000,2025-10-09 22:11:28.001000,買い,152.20300,152.15300,1.00,-5.00,-55.00,水平線手前,,支持抵抗,0,152.20300
2025-10-01,2025-10-31,20260208_231855,20260208_231855-0013,2025-10-09 22:11:27.683000,2025-10-09 22:11:28.001000,買い,152.20300,152.15300,1.00,-5.00,-60.00,水平線手前,,支持抵抗,0,152.20300
2025-10-01,2025-10-31,20260208_231738,20260208_231738-0009,2025-10-09 22:11:28.107000,2025-10-09 22:11:29.159000,買い,152.13800,152.18800,1.00,5.00,-55.00,水平線手前,,支持抵抗,0,152.13800
2025-10-01,2025-10-31,20260208_231800,20260208_231800-0006,2025-10-09 22:11:28.107000,2025-10-09 22:11:29.159000,買い,152.13800,152.18800,1.00,5.00,-50.00,水平線手前,,支持抵抗,0,152.13800
2025-10-01,2025-10-31,20260208_231826,20260208_231826-0010,2025-10-09 22:11:28.107000,2025-10-09 22:11:29.159000,買い,152.13800,152.18800,1.00,5.00,-45.00,水平線手前,,支持抵抗,0,152.13800
2025-10-01,2025-10-31,20260208_231855,20260208_231855-0014,2025-10-09 22:11:28.107000,2025-10-09 22:11:29.159000,買い,152.13800,152.18800,1.00,5.00,-40.00,水平線手前,,支持抵抗,0,152.13800
2025-10-01,2025-10-31,20260208_231826,20260208_231826-0011,2025-10-09 22:11:28.001000,2025-10-09 22:11:29.211000,買い,152.15400,152.20400,1.00,5.00,-35.00,水平線手前,,支持抵抗,0,152.15400
2025-10-01,2025-10-31,20260208_231855,20260208_231855-0015,2025-10-09 22:11:28.001000,2025-10-09 22:11:29.211000,買い,152.15400,152.20400,1.00,5.00,-30.00,水平線手前,,支持抵抗,0,152.15400
2025-10-01,2025-10-31,20260208_231738,20260208_231738-0010,2025-10-10 15:35:31.431000,2025-10-10 15:35:33.741000,買い,152.66300,152.61300,1.00,-5.00,-35.00,水平線手前,,支持抵抗,0,152.66300
2025-10-01,2025-10-31,20260208_231800,20260208_231800-0007,2025-10-10 15:35:31.431000,2025-10-10 15:35:33.741000,買い,152.66300,152.61300,1.00,-5.00,-40.00,水平線手前,,支持抵抗,0,152.66300
2025-10-01,2025-10-31,20260208_231826,20260208_231826-0012,2025-10-10 15:35:31.431000,2025-10-10 15:35:33.741000,買い,152.66300,152.61300,1.00,-5.00,-45.00,水平線手前,,支持抵抗,0,152.66300
2025-10-01,2025-10-31,20260208_231855,20260208_231855-0016,2025-10-10 15:35:31.431000,2025-10-10 15:35:33.741000,買い,152.66300,152.61300,1.00,-5.00,-50.00,水平線手前,,支持抵抗,0,152.66300
2025-10-01,2025-10-31,20260208_231855,20260208_231855-0017,2025-10-10 15:35:31.799000,2025-10-10 15:35:33.741000,買い,152.65700,152.60700,1.00,-5.00,-55.00,水平線手前,,支持抵抗,0,152.65700
2025-10-01,2025-10-31,20260208_231855,20260208_231855-0018,2025-10-10 15:35:34.059000,2025-10-10 15:35:39.637000,買い,152.56000,152.61000,1.00,5.00,-50.00,水平線手前,,支持抵抗,0,152.56000
2025-10-01,2025-10-31,20260208_231855,20260208_231855-0019,2025-10-10 15:35:45.729000,2025-10-10 15:35:46.149000,買い,152.51400,152.56400,1.00,5.00,-45.00,水平線手前,,支持抵抗,0,152.51400
2025-10-01,2025-10-31,20260208_231738,20260208_231738-0011,2025-10-21 14:05:02.636000,2025-10-21 14:05:03.589000,買い,150.88200,150.93200,1.00,5.00,-40.00,水平線手前,,支持抵抗,0,150.88200
2025-10-01,2025-10-31,20260208_231800,20260208_231800-0008,2025-10-21 14:05:02.636000,2025-10-21 14:05:03.589000,買い,150.88200,150.93200,1.00,5.00,-35.00,水平線手前,,支持抵抗,0,150.88200
2025-10-01,2025-10-31,20260208_231826,20260208_231826-0013,2025-10-21 14:05:02.636000,2025-10-21 14:05:03.589000,買い,150.88200,150.93200,1.00,5.00,-30.00,水平線手前,,支持抵抗,0,150.88200
2025-10-01,2025-10-31,20260208_231855,20260208_231855-0020,2025-10-21 14:05:02.636000,2025-10-21 14:05:03.589000,買い,150.88200,150.93200,1.00,5.00,-25.00,水平線手前,,支持抵抗,0,150.88200
2025-10-01,2025-10-31,20260208_231738,20260208_231738-0012,2025-10-21 14:05:02.316000,2025-10-21 14:05:03.642000,買い,150.90200,150.95200,1.00,5.00,-20.00,水平線手前,,支持抵抗,0,150.90200
2025-10-01,2025-10-31,20260208_231826,20260208_231826-0014,2025-10-21 14:05:02.316000,2025-10-21 14:05:03.642000,買い,150.90200,150.95200,1.00,5.00,-15.00,水平線手前,,支持抵抗,0,150.90200
2025-10-01,2025-10-31,20260208_231855,20260208_231855-0021,2025-10-21 14:05:02.316000,2025-10-21 14:05:03.642000,買い,150.90200,150.95200,1.00,5.00,-10.00,水平線手前,,支持抵抗,0,150.90200
2025-10-01,2025-10-31,20260208_231738,20260208_231738-0013,2025-10-23 01:30:37.772000,2025-10-23 01:30:40.268000,買い,151.64900,151.59900,1.00,-5.00,-15.00,水平線手前,,支持抵抗,0,151.64900
2025-10-01,2025-10-31,20260208_231826,20260208_231826-0015,2025-10-23 01:30:37.772000,2025-10-23 01:30:40.268000,買い,151.64900,151.59900,1.00,-5.00,-20.00,水平線手前,,支持抵抗,0,151.64900
2025-10-01,2025-10-31,20260208_231826,20260208_231826-0016,2025-10-23 01:30:38.463000,2025-10-23 01:30:40.268000,買い,151.64000,151.59000,1.00,-5.00,-25.00,水平線手前,,支持抵抗,0,151.64000
2025-10-01,2025-10-31,20260208_231826,20260208_231826-0017,2025-10-23 01:30:38.516000,2025-10-23 01:30:40.268000,買い,151.63000,151.58000,1.00,-5.00,-30.00,水平線手前,,支持抵抗,0,151.63000
2025-10-01,2025-10-31,20260208_231855,20260208_231855-0022,2025-10-23 01:30:37.772000,2025-10-23 01:30:40.268000,買い,151.64900,151.59900,1.00,-5.00,-35.00,水平線手前,,支持抵抗,0,151.64900
2025-10-01,2025-10-31,20260208_231855,20260208_231855-0023,2025-10-23 01:30:38.463000,2025-10-23 01:30:40.268000,買い,151.64000,151.59000,1.00,-5.00,-40.00,水平線手前,,支持抵抗,0,151.64000
2025-10-01,2025-10-31,20260208_231855,20260208_231855-0024,2025-10-23 01:30:38.516000,2025-10-23 01:30:40.268000,買い,151.63000,151.58000,1.00,-5.00,-45.00,水平線手前,,支持抵抗,0,151.63000
2025-10-01,2025-10-31,20260208_231738,20260208_231738-0014,2025-10-24 21:30:01.297000,2025-10-24 21:30:01.350000,買い,152.53800,152.48800,1.00,-5.00,-50.00,水平線手前,,支持抵抗,0,152.53800
2025-10-01,2025-10-31,20260208_231826,20260208_231826-0018,2025-10-24 21:30:01.297000,2025-10-24 21:30:01.350000,買い,152.53800,152.48800,1.00,-5.00,-55.00,水平線手前,,支持抵抗,0,152.53800
2025-10-01,2025-10-31,20260208_231855,20260208_231855-0025,2025-10-24 21:30:01.297000,2025-10-24 21:30:01.350000,買い,152.53800,152.48800,1.00,-5.00,-60.00,水平線手前,,支持抵抗,0,152.53800
2025-10-01,2025-10-31,20260208_231738,20260208_231738-0015,2025-10-24 21:30:01.350000,2025-10-24 21:30:01.402000,買い,152.49400,152.44400,1.00,-5.00,-65.00,水平線手前,,支持抵抗,0,152.49400
2025-10-01,2025-10-31,20260208_231800,20260208_231800-0009,2025-10-24 21:30:01.350000,2025-10-24 21:30:01.402000,買い,152.49400,152.44400,1.00,-5.00,-70.00,水平線手前,,支持抵抗,0,152.49400
2025-10-01,2025-10-31,20260208_231826,20260208_231826-0019,2025-10-24 21:30:01.350000,2025-10-24 21:30:01.402000,買い,152.49400,152.44400,1.00,-5.00,-75.00,水平線手前,,支持抵抗,0,152.49400
2025-10-01,2025-10-31,20260208_231855,20260208_231855-0026,2025-10-24 21:30:01.350000,2025-10-24 21:30:01.402000,買い,152.49400,152.44400,1.00,-5.00,-80.00,水平線手前,,支持抵抗,0,152.49400
2025-10-01,2025-10-31,20260208_231826,20260208_231826-0020,2025-10-24 21:30:01.402000,2025-10-24 21:30:01.663000,買い,152.39400,152.34400,1.00,-5.00,-85.00,水平線手前,,支持抵抗,0,152.39400
2025-10-01,2025-10-31,20260208_231855,20260208_231855-0027,2025-10-24 21:30:01.402000,2025-10-24 21:30:01.663000,買い,152.39400,152.34400,1.00,-5.00,-90.00,水平線手前,,支持抵抗,0,152.39400
2025-10-01,2025-10-31,20260208_231738,20260208_231738-0016,2025-10-24 21:30:01.663000,2025-10-24 21:30:03.013000,買い,152.28100,152.33100,1.00,5.00,-85.00,水平線手前,,支持抵抗,0,152.28100
2025-10-01,2025-10-31,20260208_231800,20260208_231800-0010,2025-10-24 21:30:01.663000,2025-10-24 21:30:03.013000,買い,152.28100,152.33100,1.00,5.00,-80.00,水平線手前,,支持抵抗,0,152.28100
2025-10-01,2025-10-31,20260208_231826,20260208_231826-0021,2025-10-24 21:30:01.663000,2025-10-24 21:30:03.013000,買い,152.28100,152.33100,1.00,5.00,-75.00,水平線手前,,支持抵抗,0,152.28100
2025-10-01,2025-10-31,20260208_231855,20260208_231855-0028,2025-10-24 21:30:01.663000,2025-10-24 21:30:03.013000,買い,152.28100,152.33100,1.00,5.00,-70.00,水平線手前,,支持抵抗,0,152.28100
2025-10-01,2025-10-31,20260208_231738,20260208_231738-0017,2025-10-24 21:30:03.117000,2025-10-24 21:30:03.272000,買い,152.33200,152.28200,1.00,-5.00,-75.00,水平線手前,,支持抵抗,0,152.33200
2025-10-01,2025-10-31,20260208_231826,20260208_231826-0022,2025-10-24 21:30:03.117000,2025-10-24 21:30:03.272000,買い,152.33200,152.28200,1.00,-5.00,-80.00,水平線手前,,支持抵抗,0,152.33200
2025-10-01,2025-10-31,20260208_231855,20260208_231855-0029,2025-10-24 21:30:03.117000,2025-10-24 21:30:03.272000,買い,152.33200,152.28200,1.00,-5.00,-85.00,水平線手前,,支持抵抗,0,152.33200
2025-10-01,2025-10-31,20260208_231855,20260208_231855-0030,2025-10-24 21:30:13.501000,2025-10-24 21:30:17.648000,買い,152.43200,152.38200,1.00,-5.00,-90.00,水平線手前,,支持抵抗,0,152.43200
2025-10-01,2025-10-31,20260208_231738,20260208_231738-0018,2025-10-29 01:30:46.024000,2025-10-29 01:30:57.682000,売り,152.28600,152.23600,1.00,5.00,-85.00,水平線手前,,支持抵抗,0,152.28600
2025-10-01,2025-10-31,20260208_231826,20260208_231826-0023,2025-10-29 01:30:46.024000,2025-10-29 01:30:57.682000,売り,152.28600,152.23600,1.00,5.00,-80.00,水平線手前,,支持抵抗,0,152.28600
2025-10-01,2025-10-31,20260208_231855,20260208_231855-0031,2025-10-29 01:30:46.024000,2025-10-29 01:30:57.682000,売り,152.28600,152.23600,1.00,5.00,-75.00,水平線手前,,支持抵抗,0,152.28600
2025-10-01,2025-10-31,20260208_231738,20260208_231738-0019,2025-10-30 03:35:25.583000,2025-10-30 03:35:28.887000,売り,152.46000,152.51000,1.00,-5.00,-80.00,水平線手前,,支持抵抗,0,152.46000
2025-10-01,2025-10-31,20260208_231800,20260208_231800-0011,2025-10-30 03:35:33.423000,2025-10-30 03:35:35.926000,売り,152.71700,152.66700,1.00,5.00,-75.00,水平線手前,,支持抵抗,0,152.71700
2025-10-01,2025-10-31,20260208_231826,20260208_231826-0024,2025-10-30 03:35:33.423000,2025-10-30 03:35:35.926000,売り,152.71700,152.66700,1.00,5.00,-70.00,水平線手前,,支持抵抗,0,152.71700
2025-10-01,2025-10-31,20260208_231855,20260208_231855-0032,2025-10-30 03:35:33.423000,2025-10-30 03:35:35.926000,売り,152.71700,152.66700,1.00,5.00,-65.00,水平線手前,,支持抵抗,0,152.71700
2025-10-01,2025-10-31,20260208_231855,20260208_231855-0033,2025-10-30 03:35:33.370000,2025-10-30 03:35:36.141000,売り,152.70400,152.65400,1.00,5.00,-60.00,水平線手前,,支持抵抗,0,152.70400
2025-10-01,2025-10-31,20260208_231855,20260208_231855-0034,2025-10-30 12:15:18.593000,2025-10-30 12:15:19.712000,売り,152.63300,152.58300,1.00,5.00,-55.00,水平線手前,,支持抵抗,0,152.63300
2025-10-01,2025-10-31,20260208_231855,20260208_231855-0035,2025-10-30 13:35:03.229000,2025-10-30 13:35:04.865000,売り,152.84000,152.89000,1.00,-5.00,-60.00,水平線手前,,支持抵抗,0,152.84000
2025-11-01,2025-11-30,20260208_231828,20260208_231828-0001,2025-11-04 00:00:00.211000,2025-11-04 00:00:00.263000,買い,153.99900,153.94900,1.00,-5.00,-65.00,水平線手前,,支持抵抗,0,153.99900
2025-11-01,2025-11-30,20260208_232000,20260208_232000-0001,2025-11-04 00:00:00.211000,2025-11-04 00:00:00.263000,買い,153.99900,153.94900,1.00,-5.00,-70.00,水平線手前,,支持抵抗,0,153.99900
2025-11-01,2025-11-30,20260208_231828,20260208_231828-0002,2025-11-04 00:00:00.263000,2025-11-04 00:00:04.424000,買い,153.92600,153.97600,1.00,5.00,-65.00,水平線手前,,支持抵抗,0,153.92600
2025-11-01,2025-11-30,20260208_231846,20260208_231846-0001,2025-11-04 00:00:00.263000,2025-11-04 00:00:04.424000,買い,153.92600,153.97600,1.00,5.00,-60.00,水平線手前,,支持抵抗,0,153.92600
2025-11-01,2025-11-30,20260208_232000,20260208_232000-0002,2025-11-04 00:00:00.263000,2025-11-04 00:00:04.424000,買い,153.92600,153.97600,1.00,5.00,-55.00,水平線手前,,支持抵抗,0,153.92600
2025-11-01,2025-11-30,20260208_231828,20260208_231828-0003,2025-11-06 00:00:00.316000,2025-11-06 00:00:04.622000,売り,154.18300,154.13300,1.00,5.00,-50.00,水平線手前,,支持抵抗,0,154.18300
2025-11-01,2025-11-30,20260208_231846,20260208_231846-0002,2025-11-06 00:00:00.316000,2025-11-06 00:00:04.622000,売り,154.18300,154.13300,1.00,5.00,-45.00,水平線手前,,支持抵抗,0,154.18300
2025-11-01,2025-11-30,20260208_232000,20260208_232000-0003,2025-11-06 00:00:00.316000,2025-11-06 00:00:04.622000,売り,154.18300,154.13300,1.00,5.00,-40.00,水平線手前,,支持抵抗,0,154.18300
2025-11-01,2025-11-30,20260208_232000,20260208_232000-0004,2025-11-20 22:30:01.312000,2025-11-20 22:30:01.470000,売り,157.72800,157.77800,1.00,-5.00,-45.00,水平線手前,,支持抵抗,0,157.72800
2025-11-01,2025-11-30,20260208_231828,20260208_231828-0004,2025-11-20 22:30:01.470000,2025-11-20 22:30:01.679000,売り,157.76900,157.81900,1.00,-5.00,-50.00,水平線手前,,支持抵抗,0,157.76900
2025-11-01,2025-11-30,20260208_231846,20260208_231846-0003,2025-11-20 22:30:01.470000,2025-11-20 22:30:01.679000,売り,157.76900,157.81900,1.00,-5.00,-55.00,水平線手前,,支持抵抗,0,157.76900
2025-11-01,2025-11-30,20260208_232000,20260208_232000-0005,2025-11-20 22:30:01.470000,2025-11-20 22:30:01.679000,売り,157.76900,157.81900,1.00,-5.00,-60.00,水平線手前,,支持抵抗,0,157.76900
2025-11-01,2025-11-30,20260208_232000,20260208_232000-0006,2025-11-20 22:30:01.886000,2025-11-20 22:30:02.197000,売り,157.74900,157.79900,1.00,-5.00,-65.00,水平線手前,,支持抵抗,0,157.74900
2025-11-01,2025-11-30,20260208_231828,20260208_231828-0005,2025-11-20 22:30:03.957000,2025-11-20 22:30:05.212000,売り,157.86600,157.81600,1.00,5.00,-60.00,水平線手前,,支持抵抗,0,157.86600
2025-11-01,2025-11-30,20260208_231846,20260208_231846-0004,2025-11-20 22:30:03.957000,2025-11-20 22:30:05.212000,売り,157.86600,157.81600,1.00,5.00,-55.00,水平線手前,,支持抵抗,0,157.86600
2025-11-01,2025-11-30,20260208_232000,20260208_232000-0007,2025-11-20 22:30:03.957000,2025-11-20 22:30:05.212000,売り,157.86600,157.81600,1.00,5.00,-50.00,水平線手前,,支持抵抗,0,157.86600
2025-11-01,2025-11-30,20260208_232000,20260208_232000-0008,2025-11-20 22:30:11.540000,2025-11-20 22:30:13.107000,売り,157.73300,157.68300,1.00,5.00,-45.00,水平線手前,,支持抵抗,0,157.73300
2025-11-01,2025-11-30,20260208_231828,20260208_231828-0006,2025-11-22 00:01:28.028000,2025-11-22 00:01:28.763000,買い,156.58900,156.53900,1.00,-5.00,-50.00,水平線手前,,支持抵抗,0,156.58900
2025-11-01,2025-11-30,20260208_231846,20260208_231846-0005,2025-11-22 00:01:28.028000,2025-11-22 00:01:28.763000,買い,156.58900,156.53900,1.00,-5.00,-55.00,水平線手前,,支持抵抗,0,156.58900
2025-11-01,2025-11-30,20260208_232000,20260208_232000-0009,2025-11-22 00:01:28.028000,2025-11-22 00:01:28.763000,買い,156.58900,156.53900,1.00,-5.00,-60.00,水平線手前,,支持抵抗,0,156.58900
2025-11-01,2025-11-30,20260208_231828,20260208_231828-0007,2025-11-25 22:30:01.366000,2025-11-25 22:30:08.262000,買い,156.05500,156.10500,1.00,5.00,-55.00,水平線手前,,支持抵抗,0,156.05500
2025-11-01,2025-11-30,20260208_231846,20260208_231846-0006,2025-11-25 22:30:01.366000,2025-11-25 22:30:08.262000,買い,156.05500,156.10500,1.00,5.00,-50.00,水平線手前,,支持抵抗,0,156.05500
2025-11-01,2025-11-30,20260208_232000,20260208_232000-0010,2025-11-25 22:30:01.366000,2025-11-25 22:30:08.262000,買い,156.05500,156.10500,1.00,5.00,-45.00,水平線手前,,支持抵抗,0,156.05500
2025-11-01,2025-11-30,20260208_231828,20260208_231828-0008,2025-11-28 11:32:37.608000,2025-11-28 11:32:53.588000,買い,156.11800,156.16800,1.00,5.00,-40.00,水平線手前,,支持抵抗,0,156.11800
2025-11-01,2025-11-30,20260208_231846,20260208_231846-0007,2025-11-28 11:32:37.608000,2025-11-28 11:32:53.588000,買い,156.11800,156.16800,1.00,5.00,-35.00,水平線手前,,支持抵抗,0,156.11800
2025-11-01,2025-11-30,20260208_232000,20260208_232000-0011,2025-11-28 11:32:37.608000,2025-11-28 11:32:53.588000,買い,156.11800,156.16800,1.00,5.00,-30.00,水平線手前,,支持抵抗,0,156.11800
2025-12-01,2025-12-31,20260208_231929,20260208_231929-0001,2025-12-03 22:15:00.292000,2025-12-03 22:15:30.443000,買い,155.24200,155.24000,1.00,-0.20,-30.20,水平線手前,,支持抵抗,0,155.24200
2025-12-01,2025-12-31,20260208_231936,20260208_231936-0001,2025-12-03 22:15:00.292000,2025-12-03 22:15:30.443000,買い,155.24200,155.24000,1.00,-0.20,-30.40,水平線手前,,支持抵抗,0,155.24200
2025-12-01,2025-12-31,20260208_232341,20260208_232341-0001,2025-12-03 22:15:00.292000,2025-12-03 22:15:30.443000,買い,155.24200,155.24000,1.00,-0.20,-30.60,水平線手前,,支持抵抗,0,155.24200
2025-12-01,2025-12-31,20260208_232341,20260208_232341-0002,2025-12-04 22:30:00.277000,2025-12-04 22:30:00.329000,売り,154.91500,154.96500,1.00,-5.00,-35.60,水平線手前,,支持抵抗,0,154.91500
2025-12-01,2025-12-31,20260208_232341,20260208_232341-0003,2025-12-04 22:30:00.329000,2025-12-04 22:30:03.422000,売り,154.96900,155.01900,1.00,-5.00,-40.60,水平線手前,,支持抵抗,0,154.96900
2025-12-01,2025-12-31,20260208_231929,20260208_231929-0002,2025-12-10 00:00:01.218000,2025-12-10 00:00:02.347000,売り,156.56800,156.61800,1.00,-5.00,-45.60,水平線手前,,支持抵抗,0,156.56800
2025-12-01,2025-12-31,20260208_231936,20260208_231936-0002,2025-12-10 00:00:01.218000,2025-12-10 00:00:02.347000,売り,156.56800,156.61800,1.00,-5.00,-50.60,水平線手前,,支持抵抗,0,156.56800
2025-12-01,2025-12-31,20260208_232341,20260208_232341-0004,2025-12-10 00:00:01.218000,2025-12-10 00:00:02.347000,売り,156.56800,156.61800,1.00,-5.00,-55.60,水平線手前,,支持抵抗,0,156.56800
2025-12-01,2025-12-31,20260208_231929,20260208_231929-0003,2025-12-11 04:35:31.746000,2025-12-11 04:35:33.405000,買い,156.12800,156.17800,1.00,5.00,-50.60,水平線手前,,支持抵抗,0,156.12800
2025-12-01,2025-12-31,20260208_231936,20260208_231936-0003,2025-12-11 04:35:31.746000,2025-12-11 04:35:33.405000,買い,156.12800,156.17800,1.00,5.00,-45.60,水平線手前,,支持抵抗,0,156.12800
2025-12-01,2025-12-31,20260208_232341,20260208_232341-0005,2025-12-11 04:35:31.746000,2025-12-11 04:35:33.405000,買い,156.12800,156.17800,1.00,5.00,-40.60,水平線手前,,支持抵抗,0,156.12800
2025-12-01,2025-12-31,20260208_232341,20260208_232341-0006,2025-12-11 04:35:32.601000,2025-12-11 04:35:35.657000,買い,156.14900,156.19900,1.00,5.00,-35.60,水平線手前,,支持抵抗,0,156.14900
2025-12-01,2025-12-31,20260208_232341,20260208_232341-0007,2025-12-11 04:36:10.167000,2025-12-11 04:36:12.667000,売り,156.51700,156.46700,1.00,5.00,-30.60,水平線手前,,支持抵抗,0,156.51700
2025-12-01,2025-12-31,20260208_232341,20260208_232341-0008,2025-12-11 04:36:11.760000,2025-12-11 04:36:12.667000,売り,156.50800,156.45800,1.00,5.00,-25.60,水平線手前,,支持抵抗,0,156.50800
2025-12-01,2025-12-31,20260208_232341,20260208_232341-0009,2025-12-12 21:03:06.305000,2025-12-12 21:03:08.541000,買い,155.79400,155.84400,1.00,5.00,-20.60,水平線手前,,支持抵抗,0,155.79400
2025-12-01,2025-12-31,20260208_231929,20260208_231929-0004,2025-12-16 22:30:01.232000,2025-12-16 22:30:01.496000,買い,154.53800,154.58800,1.00,5.00,-15.60,水平線手前,,支持抵抗,0,154.53800
2025-12-01,2025-12-31,20260208_231936,20260208_231936-0004,2025-12-16 22:30:01.232000,2025-12-16 22:30:01.496000,買い,154.53800,154.58800,1.00,5.00,-10.60,水平線手前,,支持抵抗,0,154.53800
2025-12-01,2025-12-31,20260208_232341,20260208_232341-0010,2025-12-16 22:30:01.232000,2025-12-16 22:30:01.496000,買い,154.53800,154.58800,1.00,5.00,-5.60,水平線手前,,支持抵抗,0,154.53800
2025-12-01,2025-12-31,20260208_232341,20260208_232341-0011,2025-12-16 22:30:01.653000,2025-12-16 22:30:01.919000,買い,154.57000,154.62000,1.00,5.00,-0.60,水平線手前,,支持抵抗,0,154.57000
2025-12-01,2025-12-31,20260208_232341,20260208_232341-0012,2025-12-17 04:25:41.950000,2025-12-17 04:25:43.250000,売り,154.85900,154.90900,1.00,-5.00,-5.60,水平線手前,,支持抵抗,0,154.85900
2025-12-01,2025-12-31,20260208_231936,20260208_231936-0005,2025-12-17 04:25:43.194000,2025-12-17 04:25:48.224000,売り,154.88900,154.83900,1.00,5.00,-0.60,水平線手前,,支持抵抗,0,154.88900
2025-12-01,2025-12-31,20260208_232341,20260208_232341-0013,2025-12-17 04:25:43.194000,2025-12-17 04:25:48.224000,売り,154.88900,154.83900,1.00,5.00,4.40,水平線手前,,支持抵抗,0,154.88900
2025-12-01,2025-12-31,20260208_232341,20260208_232341-0014,2025-12-18 22:30:01.201000,2025-12-18 22:30:01.254000,買い,155.63700,155.58700,1.00,-5.00,-0.60,水平線手前,,支持抵抗,0,155.63700
2025-12-01,2025-12-31,20260208_231929,20260208_231929-0005,2025-12-18 22:30:01.254000,2025-12-18 22:30:01.309000,買い,155.43100,155.48100,1.00,5.00,4.40,水平線手前,,支持抵抗,0,155.43100
2025-12-01,2025-12-31,20260208_232341,20260208_232341-0015,2025-12-18 22:30:01.254000,2025-12-18 22:30:01.309000,買い,155.43100,155.48100,1.00,5.00,9.40,水平線手前,,支持抵抗,0,155.43100
2025-12-01,2025-12-31,20260208_232341,20260208_232341-0016,2025-12-18 22:30:01.416000,2025-12-18 22:30:01.893000,買い,155.44700,155.39700,1.00,-5.00,4.40,水平線手前,,支持抵抗,0,155.44700
2025-12-01,2025-12-31,20260208_232341,20260208_232341-0017,2025-12-18 22:30:01.841000,2025-12-18 22:30:03.672000,買い,155.41800,155.36800,1.00,-5.00,-0.60,水平線手前,,支持抵抗,0,155.41800
2025-12-01,2025-12-31,20260208_231929,20260208_231929-0006,2025-12-22 22:10:03.699000,2025-12-22 22:10:04.142000,買い,157.14700,157.09700,1.00,-5.00,-5.60,水平線手前,,支持抵抗,0,157.14700
2025-12-01,2025-12-31,20260208_231936,20260208_231936-0006,2025-12-22 22:10:03.699000,2025-12-22 22:10:04.142000,買い,157.14700,157.09700,1.00,-5.00,-10.60,水平線手前,,支持抵抗,0,157.14700
2025-12-01,2025-12-31,20260208_232341,20260208_232341-0018,2025-12-22 22:10:03.699000,2025-12-22 22:10:04.142000,買い,157.14700,157.09700,1.00,-5.00,-15.60,水平線手前,,支持抵抗,0,157.14700
2025-12-01,2025-12-31,20260208_232341,20260208_232341-0019,2025-12-22 22:10:03.760000,2025-12-22 22:10:04.804000,買い,157.10700,157.15700,1.00,5.00,-10.60,水平線手前,,支持抵抗,0,157.10700
2025-12-01,2025-12-31,20260208_231929,20260208_231929-0007,2025-12-22 22:10:17.375000,2025-12-22 22:10:21.259000,買い,156.96100,156.91100,1.00,-5.00,-15.60,水平線手前,,支持抵抗,0,156.96100
2025-12-01,2025-12-31,20260208_232341,20260208_232341-0020,2025-12-22 22:10:17.375000,2025-12-22 22:10:21.259000,買い,156.96100,156.91100,1.00,-5.00,-20.60,水平線手前,,支持抵抗,0,156.96100
2025-12-01,2025-12-31,20260208_231929,20260208_231929-0008,2025-12-22 22:10:22.023000,2025-12-22 22:10:23.622000,買い,156.89300,156.94300,1.00,5.00,-15.60,水平線手前,,支持抵抗,0,156.89300
2025-12-01,2025-12-31,20260208_231936,20260208_231936-0007,2025-12-22 22:10:22.023000,2025-12-22 22:10:23.622000,買い,156.89300,156.94300,1.00,5.00,-10.60,水平線手前,,支持抵抗,0,156.89300
2025-12-01,2025-12-31,20260208_232341,20260208_232341-0021,2025-12-22 22:10:22.023000,2025-12-22 22:10:23.622000,買い,156.89300,156.94300,1.00,5.00,-5.60,水平線手前,,支持抵抗,0,156.89300
