"開始日","終了日","実行ID","取引ID","in時刻","out時刻","方向","in価格","out価格","ロット合計","損益","累計損益","in理由","out理由","ライン種別","ナンピン回数","平均in価格"
"2025-01-01","2025-01-31","20260208_060224","20260208_060224-0001","2025-01-03 04:57:06.387000","2025-01-03 08:57:09.291000","売り","157.64100","157.37300","1.00","26.80","26.80","抵抗線戻り","","支持抵抗","0","157.64100"
"2025-01-01","2025-01-31","20260208_060224","20260208_060224-0002","2025-01-03 16:01:29.273000","2025-01-03 17:42:18.529000","買い","157.13800","157.41050","2.00","60.00","86.80","支持線戻り","","支持抵抗","1","157.11050"
"2025-01-01","2025-01-31","20260208_060224","20260208_060224-0003","2025-01-03 15:54:14.223000","2025-01-03 20:04:12.181000","買い","157.19500","157.36900","3.00","67.50","154.30","支持線戻り","","支持抵抗","2","157.14400"
"2025-01-01","2025-01-31","20260208_060224","20260208_060224-0004","2025-01-04 00:31:12.307000","2025-01-04 02:01:34.532000","売り","157.45600","157.15600","1.00","30.00","184.30","抵抗線戻り","","支持抵抗","0","157.45600"
"2025-01-01","2025-01-31","20260208_060224","20260208_060224-0005","2025-01-07 00:11:56.885000","2025-01-07 04:42:01.993000","売り","157.47000","157.51600","4.00","12.40","196.70","抵抗線戻り","","支持抵抗","3","157.54700"
"2025-01-01","2025-01-31","20260208_060224","20260208_060224-0006","2025-01-07 22:15:35.301000","2025-01-08 00:00:00.306000","買い","157.63200","157.90450","2.00","60.00","256.70","支持線戻り","","支持抵抗","1","157.60450"
"2025-01-01","2025-01-31","20260208_060224","20260208_060224-0007","2025-01-08 13:21:46.341000","2025-01-08 16:25:17.254000","売り","158.23800","157.93800","1.00","30.00","286.70","抵抗線戻り","","支持抵抗","0","158.23800"
"2025-01-01","2025-01-31","20260208_060224","20260208_060224-0008","2025-01-08 17:01:39.042000","2025-01-08 20:30:11.998000","売り","158.13000","158.48200","6.00","-135.00","151.70","抵抗線戻り","","支持抵抗","5","158.25700"
"2025-01-01","2025-01-31","20260208_060224","20260208_060224-0009","2025-01-08 20:12:20.168000","2025-01-08 23:01:56.018000","売り","158.34600","158.15340","5.00","150.00","301.70","抵抗線戻り","","支持抵抗","4","158.45340"
"2025-01-01","2025-01-31","20260208_060224","20260208_060224-0010","2025-01-09 14:35:22.483000","2025-01-09 20:35:08.750000","売り","158.13200","157.90775","4.00","120.00","421.70","抵抗線戻り","","支持抵抗","3","158.20775"
"2025-01-01","2025-01-31","20260208_060224","20260208_060224-0011","2025-01-13 14:43:45.038000","2025-01-13 17:31:51.646000","買い","157.29700","157.59700","1.00","30.00","451.70","支持線戻り","","支持抵抗","0","157.29700"
"2025-01-01","2025-01-31","20260208_060224","20260208_060224-0012","2025-01-14 03:01:37.268000","2025-01-14 04:39:11.783000","買い","157.32200","157.62200","1.00","30.00","481.70","支持線戻り","","支持抵抗","0","157.32200"
"2025-01-01","2025-01-31","20260208_060224","20260208_060224-0013","2025-01-14 03:55:01.042000","2025-01-14 07:25:25.064000","売り","157.51100","157.33733","6.00","180.00","661.70","抵抗線戻り","","支持抵抗","5","157.63733"
"2025-01-01","2025-01-31","20260208_060224","20260208_060224-0014","2025-01-14 18:33:28.902000","2025-01-14 22:01:16.543000","売り","157.95600","157.73300","4.00","120.00","781.70","抵抗線戻り","","支持抵抗","3","158.03300"
"2025-01-01","2025-01-31","20260208_060224","20260208_060224-0015","2025-01-20 12:48:32.485000","2025-01-20 15:00:07.175000","買い","155.76400","156.06400","1.00","30.00","811.70","支持線戻り","","支持抵抗","0","155.76400"
"2025-01-01","2025-01-31","20260208_060224","20260208_060224-0016","2025-01-20 16:06:57.321000","2025-01-20 17:03:39.802000","売り","156.26400","155.96400","1.00","30.00","841.70","抵抗線戻り","","支持抵抗","0","156.26400"
"2025-01-01","2025-01-31","20260208_060224","20260208_060224-0017","2025-01-20 14:20:47.141000","2025-01-20 19:42:16.170000","売り","156.02400","156.37800","6.00","-135.80","705.90","抵抗線戻り","","支持抵抗","5","156.15167"
"2025-01-01","2025-01-31","20260208_060224","20260208_060224-0018","2025-01-20 18:12:26.127000","2025-01-20 22:30:10.791000","売り","156.21300","156.01400","5.00","150.00","855.90","抵抗線戻り","","支持抵抗","4","156.31400"
"2025-01-01","2025-01-31","20260208_060224","20260208_060224-0019","2025-01-21 21:34:04.091000","2025-01-21 23:14:44.075000","買い","155.77700","155.42700","6.00","-134.30","721.60","支持線戻り","","支持抵抗","5","155.65083"
"2025-01-01","2025-01-31","20260208_060224","20260208_060224-0020","2025-01-23 04:07:42.025000","2025-01-23 13:03:05.884000","買い","156.51100","156.48700","4.00","21.00","742.60","支持線戻り","","支持抵抗","3","156.43450"
"2025-01-01","2025-01-31","20260208_060224","20260208_060224-0021","2025-01-23 20:58:59.989000","2025-01-23 22:10:00.601000","売り","156.54100","156.26700","2.00","60.00","802.60","抵抗線戻り","","支持抵抗","1","156.56700"
"2025-01-01","2025-01-31","20260208_060224","20260208_060224-0022","2025-01-27 13:18:14.505000","2025-01-27 15:06:54.128000","売り","155.87300","156.22300","6.00","-133.70","668.90","抵抗線戻り","","支持抵抗","5","156.00017"
"2025-01-01","2025-01-31","20260208_060224","20260208_060224-0023","2025-01-27 17:56:40.245000","2025-01-27 18:11:58.287000","買い","155.08700","154.73700","6.00","-132.90","536.00","支持線戻り","","支持抵抗","5","154.95850"
"2025-01-01","2025-01-31","20260208_060224","20260208_060224-0024","2025-01-28 15:56:02.815000","2025-01-28 17:17:03.840000","売り","155.82500","155.60100","4.00","120.00","656.00","抵抗線戻り","","支持抵抗","3","155.90100"
"2025-01-01","2025-01-31","20260208_060224","20260208_060224-0025","2025-01-28 12:22:55.982000","2025-01-28 17:17:08.843000","売り","155.66800","155.60100","6.00","117.70","773.70","抵抗線戻り","","支持抵抗","5","155.79717"
"2025-01-01","2025-01-31","20260208_060224","20260208_060224-0026","2025-01-28 12:58:17.943000","2025-01-28 18:30:22.967000","売り","155.71800","155.54617","6.00","180.00","953.70","抵抗線戻り","","支持抵抗","5","155.84617"
"2025-01-01","2025-01-31","20260208_060224","20260208_060224-0027","2025-01-28 21:34:45.292000","2025-01-29 00:20:58.551000","買い","155.32200","155.49550","6.00","180.00","1133.70","支持線戻り","","支持抵抗","5","155.19550"
"2025-01-01","2025-01-31","20260208_060224","20260208_060224-0028","2025-01-29 04:17:56.762000","2025-01-29 08:18:13.129000","売り","155.69600","155.58000","1.00","11.60","1145.30","抵抗線戻り","","支持抵抗","0","155.69600"
"2025-01-01","2025-01-31","20260208_060224","20260208_060224-0029","2025-01-29 15:00:09.866000","2025-01-29 16:32:19.812000","買い","155.05900","155.35900","1.00","30.00","1175.30","支持線戻り","","支持抵抗","0","155.05900"
"2025-01-01","2025-01-31","20260208_060224","20260208_060224-0030","2025-01-31 14:10:57.590000","2025-01-31 14:42:04.256000","売り","154.48200","154.83400","6.00","-135.60","1039.70","抵抗線戻り","","支持抵抗","5","154.60800"
"2025-01-01","2025-01-31","20260208_060224","20260208_060224-0031","2025-01-31 21:12:07.353000","2025-01-31 23:53:55.170000","売り","154.85800","154.63500","4.00","120.00","1159.70","抵抗線戻り","","支持抵抗","3","154.93500"
"2025-01-01","2025-01-31","20260208_060224","20260208_060224-0032","2025-01-31 19:14:46.433000","2025-01-31 23:57:17.779000","売り","154.74400","154.56983","6.00","180.00","1339.70","抵抗線戻り","","支持抵抗","5","154.86983"
"2025-02-01","2025-02-28","20260208_060347","20260208_060347-0001","2025-02-03 16:37:43.026000","2025-02-03 18:06:37.806000","売り","155.57900","155.33133","3.00","90.00","1429.70","抵抗線戻り","","支持抵抗","2","155.63133"
"2025-02-01","2025-02-28","20260208_060347","20260208_060347-0002","2025-02-07 03:09:43.172000","2025-02-07 03:32:43.330000","買い","151.83800","151.48700","6.00","-134.10","1295.60","支持線戻り","","支持抵抗","5","151.71050"
"2025-02-01","2025-02-28","20260208_060347","20260208_060347-0003","2025-02-07 14:50:32.550000","2025-02-07 19:35:12.121000","売り","151.75400","152.11000","6.00","-137.30","1158.30","抵抗線戻り","","支持抵抗","5","151.88117"
"2025-02-01","2025-02-28","20260208_060347","20260208_060347-0004","2025-02-14 15:43:58.235000","2025-02-14 17:00:02.606000","買い","152.51100","152.76067","3.00","90.00","1248.30","支持線戻り","","支持抵抗","2","152.46067"
"2025-02-01","2025-02-28","20260208_060347","20260208_060347-0005","2025-02-14 14:00:01.889000","2025-02-14 18:07:05.153000","買い","152.64900","152.82217","6.00","180.00","1428.30","支持線戻り","","支持抵抗","5","152.52217"
"2025-02-01","2025-02-28","20260208_060347","20260208_060347-0006","2025-02-14 19:06:58.734000","2025-02-14 22:11:57.403000","買い","152.50900","152.80900","1.00","30.00","1458.30","支持線戻り","","支持抵抗","0","152.50900"
"2025-02-01","2025-02-28","20260208_060347","20260208_060347-0007","2025-02-17 19:54:40.825000","2025-02-18 04:56:45.417000","買い","151.62500","151.39800","6.00","-61.00","1397.30","支持線戻り","","支持抵抗","5","151.49967"
"2025-02-01","2025-02-28","20260208_060347","20260208_060347-0008","2025-02-18 16:13:51.932000","2025-02-19 04:23:11.627000","買い","151.87300","151.90500","6.00","96.10","1493.40","支持線戻り","","支持抵抗","5","151.74483"
"2025-02-01","2025-02-28","20260208_060347","20260208_060347-0009","2025-02-20 02:01:58.195000","2025-02-20 04:14:04.677000","売り","151.69100","151.44467","3.00","90.00","1583.40","抵抗線戻り","","支持抵抗","2","151.74467"
"2025-02-01","2025-02-28","20260208_060347","20260208_060347-0010","2025-02-20 18:06:48.982000","2025-02-20 19:40:17.530000","売り","150.40300","150.10300","1.00","30.00","1613.40","抵抗線戻り","","支持抵抗","0","150.40300"
"2025-02-01","2025-02-28","20260208_060347","20260208_060347-0011","2025-02-20 18:02:41.866000","2025-02-20 19:44:41.390000","売り","150.38500","150.08500","1.00","30.00","1643.40","抵抗線戻り","","支持抵抗","0","150.38500"
"2025-02-01","2025-02-28","20260208_060347","20260208_060347-0012","2025-02-20 20:12:46.623000","2025-02-21 00:00:50.273000","買い","150.04700","149.69600","6.00","-134.90","1508.50","支持線戻り","","支持抵抗","5","149.92083"
"2025-02-01","2025-02-28","20260208_060347","20260208_060347-0013","2025-02-21 13:16:44.981000","2025-02-21 14:53:15.171000","買い","150.16200","150.46200","1.00","30.00","1538.50","支持線戻り","","支持抵抗","0","150.16200"
"2025-02-01","2025-02-28","20260208_060347","20260208_060347-0014","2025-02-24 17:05:57.716000","2025-02-24 23:53:25.545000","売り","149.53500","149.36100","6.00","180.00","1718.50","抵抗線戻り","","支持抵抗","5","149.66100"
"2025-02-01","2025-02-28","20260208_060347","20260208_060347-0015","2025-02-25 13:30:14.158000","2025-02-25 15:47:03.292000","買い","149.54400","149.81800","2.00","60.00","1778.50","支持線戻り","","支持抵抗","1","149.51800"
"2025-02-01","2025-02-28","20260208_060347","20260208_060347-0016","2025-02-26 01:24:04.543000","2025-02-26 02:08:09.494000","買い","148.96800","149.19225","4.00","120.00","1898.50","支持線戻り","","支持抵抗","3","148.89225"
"2025-02-01","2025-02-28","20260208_060347","20260208_060347-0017","2025-02-26 02:12:05.267000","2025-02-26 05:53:45.342000","売り","149.21900","148.91900","1.00","30.00","1928.50","抵抗線戻り","","支持抵抗","0","149.21900"
"2025-02-01","2025-02-28","20260208_060347","20260208_060347-0018","2025-02-27 01:29:53.146000","2025-02-27 03:28:39.982000","買い","149.29600","148.94600","6.00","-134.30","1794.20","支持線戻り","","支持抵抗","5","149.16983"
"2025-02-01","2025-02-28","20260208_060347","20260208_060347-0019","2025-02-27 21:28:19.689000","2025-02-27 22:42:06.647000","買い","149.63900","149.78800","6.00","180.00","1974.20","支持線戻り","","支持抵抗","5","149.48800"
"2025-02-01","2025-02-28","20260208_060347","20260208_060347-0020","2025-02-28 20:50:45.508000","2025-02-28 22:03:44.571000","売り","150.46200","150.81300","6.00","-134.50","1839.70","抵抗線戻り","","支持抵抗","5","150.58883"
"2025-03-01","2025-03-31","20260208_060529","20260208_060529-0001","2025-03-03 20:49:56.789000","2025-03-03 23:35:33.155000","売り","150.97000","150.79817","6.00","180.00","2019.70","抵抗線戻り","","支持抵抗","5","151.09817"
"2025-03-01","2025-03-31","20260208_060529","20260208_060529-0002","2025-03-04 15:54:39.555000","2025-03-04 16:09:47.956000","売り","149.49700","149.22500","2.00","60.00","2079.70","抵抗線戻り","","支持抵抗","1","149.52500"
"2025-03-01","2025-03-31","20260208_060529","20260208_060529-0003","2025-03-05 17:35:54.291000","2025-03-05 18:04:19.646000","買い","149.46200","149.11000","6.00","-135.50","1944.20","支持線戻り","","支持抵抗","5","149.33583"
"2025-03-01","2025-03-31","20260208_060529","20260208_060529-0004","2025-03-06 15:46:17.574000","2025-03-06 16:39:10.681000","買い","148.77500","148.41500","6.00","-139.20","1805.00","支持線戻り","","支持抵抗","5","148.64700"
"2025-03-01","2025-03-31","20260208_060529","20260208_060529-0005","2025-03-07 21:14:25.608000","2025-03-07 22:30:01.647000","売り","147.73700","147.48833","3.00","90.00","1895.00","抵抗線戻り","","支持抵抗","2","147.78833"
"2025-03-01","2025-03-31","20260208_060529","20260208_060529-0006","2025-03-10 15:52:24.341000","2025-03-10 17:13:14.926000","売り","147.72200","147.45100","2.00","60.00","1955.00","抵抗線戻り","","支持抵抗","1","147.75100"
"2025-03-01","2025-03-31","20260208_060529","20260208_060529-0007","2025-03-12 04:50:00.234000","2025-03-12 09:09:07.109000","売り","147.77700","148.12700","6.00","-133.90","1821.10","抵抗線戻り","","支持抵抗","5","147.90383"
"2025-03-01","2025-03-31","20260208_060529","20260208_060529-0008","2025-03-12 13:10:09.034000","2025-03-12 16:47:01.194000","売り","148.15600","148.51100","6.00","-135.80","1685.30","抵抗線戻り","","支持抵抗","5","148.28467"
"2025-03-01","2025-03-31","20260208_060529","20260208_060529-0009","2025-03-12 19:18:50.949000","2025-03-12 21:30:01.323000","売り","148.73100","148.48200","3.00","90.00","1775.30","抵抗線戻り","","支持抵抗","2","148.78200"
"2025-03-01","2025-03-31","20260208_060529","20260208_060529-0010","2025-03-13 15:20:02.324000","2025-03-13 16:31:31.120000","買い","147.62300","147.92300","1.00","30.00","1805.30","支持線戻り","","支持抵抗","0","147.62300"
"2025-03-01","2025-03-31","20260208_060529","20260208_060529-0011","2025-03-13 16:27:54.079000","2025-03-13 19:43:02.723000","売り","147.87600","148.22600","6.00","-134.20","1671.10","抵抗線戻り","","支持抵抗","5","148.00233"
"2025-03-01","2025-03-31","20260208_060529","20260208_060529-0012","2025-03-14 15:55:41.119000","2025-03-14 20:25:17.222000","売り","148.72500","148.67300","6.00","108.20","1779.30","抵抗線戻り","","支持抵抗","5","148.85333"
"2025-03-01","2025-03-31","20260208_060529","20260208_060529-0013","2025-03-18 17:08:24.229000","2025-03-18 20:16:57.413000","売り","149.87600","149.57600","1.00","30.00","1809.30","抵抗線戻り","","支持抵抗","0","149.87600"
"2025-03-01","2025-03-31","20260208_060529","20260208_060529-0014","2025-03-19 13:37:44.090000","2025-03-19 15:18:30.974000","売り","149.51200","149.86300","6.00","-134.30","1675.00","抵抗線戻り","","支持抵抗","5","149.63917"
"2025-03-01","2025-03-31","20260208_060529","20260208_060529-0015","2025-03-19 14:04:20.116000","2025-03-19 15:38:09.971000","売り","149.56800","149.91800","6.00","-133.70","1541.30","抵抗線戻り","","支持抵抗","5","149.69517"
"2025-03-01","2025-03-31","20260208_060529","20260208_060529-0016","2025-03-19 22:29:21.779000","2025-03-20 03:00:21.523000","売り","149.88100","149.70867","6.00","180.00","1721.30","抵抗線戻り","","支持抵抗","5","150.00867"
"2025-03-01","2025-03-31","20260208_060529","20260208_060529-0017","2025-03-21 13:07:43.471000","2025-03-21 14:33:39.415000","売り","149.25100","149.61200","6.00","-139.70","1581.60","抵抗線戻り","","支持抵抗","5","149.37917"
"2025-03-01","2025-03-31","20260208_060529","20260208_060529-0018","2025-03-21 16:01:33.115000","2025-03-21 16:26:39.313000","売り","149.63000","149.33000","1.00","30.00","1611.60","抵抗線戻り","","支持抵抗","0","149.63000"
"2025-03-01","2025-03-31","20260208_060529","20260208_060529-0019","2025-03-25 15:03:27.281000","2025-03-25 16:45:02.901000","買い","150.43400","150.73400","1.00","30.00","1641.60","支持線戻り","","支持抵抗","0","150.43400"
"2025-03-01","2025-03-31","20260208_060529","20260208_060529-0020","2025-03-25 12:48:18.010000","2025-03-25 18:28:41.001000","買い","150.64800","150.57300","5.00","14.20","1655.80","支持線戻り","","支持抵抗","4","150.54460"
"2025-03-01","2025-03-31","20260208_060529","20260208_060529-0021","2025-03-25 20:46:20.875000","2025-03-25 22:44:00.566000","買い","150.07900","149.72900","6.00","-134.50","1521.30","支持線戻り","","支持抵抗","5","149.95317"
"2025-03-01","2025-03-31","20260208_060529","20260208_060529-0022","2025-03-25 22:25:35.578000","2025-03-26 04:20:46.330000","買い","149.85800","149.90100","6.00","102.20","1623.50","支持線戻り","","支持抵抗","5","149.73067"
"2025-03-01","2025-03-31","20260208_060529","20260208_060529-0023","2025-03-26 14:09:38.661000","2025-03-26 17:07:12.910000","売り","150.60500","150.30500","1.00","30.00","1653.50","抵抗線戻り","","支持抵抗","0","150.60500"
"2025-03-01","2025-03-31","20260208_060529","20260208_060529-0024","2025-03-26 12:59:11.796000","2025-03-26 17:12:27.350000","売り","150.44800","150.22575","4.00","120.00","1773.50","抵抗線戻り","","支持抵抗","3","150.52575"
"2025-03-01","2025-03-31","20260208_060529","20260208_060529-0025","2025-03-26 12:31:40.406000","2025-03-26 17:17:36.022000","売り","150.38700","150.18800","5.00","150.00","1923.50","抵抗線戻り","","支持抵抗","4","150.48800"
"2025-03-01","2025-03-31","20260208_060529","20260208_060529-0026","2025-03-27 18:18:06.760000","2025-03-27 21:02:04.099000","売り","150.71500","151.06500","6.00","-134.60","1788.90","抵抗線戻り","","支持抵抗","5","150.84067"
"2025-03-01","2025-03-31","20260208_060529","20260208_060529-0027","2025-03-28 20:03:02.579000","2025-03-28 22:04:45.314000","売り","150.72800","150.54080","5.00","150.00","1938.90","抵抗線戻り","","支持抵抗","4","150.84080"
"2025-03-01","2025-03-31","20260208_060529","20260208_060529-0028","2025-03-28 20:12:25.951000","2025-03-28 22:04:50.475000","売り","150.73700","150.52500","4.00","120.00","2058.90","抵抗線戻り","","支持抵抗","3","150.82500"
"2025-03-01","2025-03-31","20260208_060529","20260208_060529-0029","2025-03-31 15:23:44.723000","2025-03-31 16:49:42.078000","買い","148.87900","149.10150","4.00","120.00","2178.90","支持線戻り","","支持抵抗","3","148.80150"
"2025-04-01","2025-04-30","20260208_060742","20260208_060742-0001","2025-04-02 00:09:23.048000","2025-04-02 03:23:08.324000","売り","149.48300","149.30950","6.00","180.00","2358.90","抵抗線戻り","","支持抵抗","5","149.60950"
"2025-04-01","2025-04-30","20260208_060742","20260208_060742-0002","2025-04-02 20:25:44.989000","2025-04-02 22:45:54.401000","買い","149.24500","149.49500","3.00","90.00","2448.90","支持線戻り","","支持抵抗","2","149.19500"
"2025-04-01","2025-04-30","20260208_060742","20260208_060742-0003","2025-04-03 15:12:24.274000","2025-04-03 15:20:30.767000","買い","146.97700","147.27700","1.00","30.00","2478.90","支持線戻り","","支持抵抗","0","146.97700"
"2025-04-01","2025-04-30","20260208_060742","20260208_060742-0004","2025-04-14 23:50:38.341000","2025-04-15 00:29:01.629000","買い","143.34500","142.99300","6.00","-133.50","2345.40","支持線戻り","","支持抵抗","5","143.21550"
"2025-04-01","2025-04-30","20260208_060742","20260208_060742-0005","2025-04-15 12:17:50.562000","2025-04-15 15:41:55.542000","買い","143.09400","143.29280","5.00","150.00","2495.40","支持線戻り","","支持抵抗","4","142.99280"
"2025-04-01","2025-04-30","20260208_060742","20260208_060742-0006","2025-04-15 11:32:29.755000","2025-04-15 15:42:02.213000","買い","143.13800","143.31133","6.00","180.00","2675.40","支持線戻り","","支持抵抗","5","143.01133"
"2025-04-01","2025-04-30","20260208_060742","20260208_060742-0007","2025-04-16 19:54:59.675000","2025-04-16 21:44:47.942000","売り","142.72800","142.45350","2.00","60.00","2735.40","抵抗線戻り","","支持抵抗","1","142.75350"
"2025-04-01","2025-04-30","20260208_060742","20260208_060742-0008","2025-04-23 16:58:06.792000","2025-04-23 18:20:36.513000","売り","141.91000","141.61000","1.00","30.00","2765.40","抵抗線戻り","","支持抵抗","0","141.91000"
"2025-04-01","2025-04-30","20260208_060742","20260208_060742-0009","2025-04-23 18:21:12.492000","2025-04-23 18:54:43.698000","買い","141.61500","141.91500","1.00","30.00","2795.40","支持線戻り","","支持抵抗","0","141.61500"
"2025-05-01","2025-05-31","20260208_060911","20260208_060911-0001","2025-05-01 13:40:54.296000","2025-05-01 14:29:25.016000","売り","143.86100","144.21900","6.00","-137.30","2658.10","抵抗線戻り","","支持抵抗","5","143.99017"
"2025-05-01","2025-05-31","20260208_060911","20260208_060911-0002","2025-05-01 15:21:20.078000","2025-05-01 15:48:55.691000","売り","144.15100","144.50500","6.00","-134.20","2523.90","抵抗線戻り","","支持抵抗","5","144.28133"
"2025-05-01","2025-05-31","20260208_060911","20260208_060911-0003","2025-05-02 13:51:02.164000","2025-05-02 15:22:03.163000","売り","145.40800","145.10800","1.00","30.00","2553.90","抵抗線戻り","","支持抵抗","0","145.40800"
"2025-05-01","2025-05-31","20260208_060911","20260208_060911-0004","2025-05-03 02:03:31.501000","2025-05-03 03:43:22.496000","売り","144.71500","145.06800","6.00","-135.50","2418.40","抵抗線戻り","","支持抵抗","5","144.84217"
"2025-05-01","2025-05-31","20260208_060911","20260208_060911-0005","2025-05-05 15:28:13.017000","2025-05-05 17:43:18.712000","売り","144.34400","144.06900","2.00","60.00","2478.40","抵抗線戻り","","支持抵抗","1","144.36900"
"2025-05-01","2025-05-31","20260208_060911","20260208_060911-0006","2025-05-06 04:10:53.432000","2025-05-06 09:56:26.067000","買い","143.80300","143.99720","5.00","150.00","2628.40","支持線戻り","","支持抵抗","4","143.69720"
"2025-05-01","2025-05-31","20260208_060911","20260208_060911-0007","2025-05-10 04:28:04.017000","2025-05-12 08:10:48.215000","売り","145.34900","145.76900","6.00","180.00","2808.40","抵抗線戻り","","支持抵抗","5","146.06900"
"2025-05-01","2025-05-31","20260208_060911","20260208_060911-0008","2025-05-10 02:05:05.836000","2025-05-12 10:00:07.181000","売り","145.30200","145.91300","6.00","2.80","2811.20","抵抗線戻り","","支持抵抗","5","145.91767"
"2025-05-01","2025-05-31","20260208_060911","20260208_060911-0009","2025-05-10 02:15:55.252000","2025-05-12 10:00:07.181000","売り","145.32000","145.91300","6.00","6.40","2817.60","抵抗線戻り","","支持抵抗","5","145.92367"
"2025-05-01","2025-05-31","20260208_060911","20260208_060911-0010","2025-05-13 00:33:09.975000","2025-05-13 01:57:36.191000","売り","148.16800","148.52100","6.00","-135.70","2681.90","抵抗線戻り","","支持抵抗","5","148.29483"
"2025-05-01","2025-05-31","20260208_060911","20260208_060911-0011","2025-05-14 19:57:58.093000","2025-05-14 20:57:20.207000","買い","145.86600","146.16600","1.00","30.00","2711.90","支持線戻り","","支持抵抗","0","145.86600"
"2025-05-01","2025-05-31","20260208_060911","20260208_060911-0012","2025-05-15 15:37:04.105000","2025-05-15 16:47:05.220000","買い","145.72200","145.91960","5.00","150.00","2861.90","支持線戻り","","支持抵抗","4","145.61960"
"2025-05-01","2025-05-31","20260208_060911","20260208_060911-0013","2025-05-16 15:50:35.842000","2025-05-16 17:25:25.465000","買い","145.12200","145.34600","4.00","120.00","2981.90","支持線戻り","","支持抵抗","3","145.04600"
"2025-05-01","2025-05-31","20260208_060911","20260208_060911-0014","2025-05-20 12:47:00.336000","2025-05-20 14:45:19.399000","買い","144.79900","144.44800","6.00","-135.00","2846.90","支持線戻り","","支持抵抗","5","144.67300"
"2025-05-01","2025-05-31","20260208_060911","20260208_060911-0015","2025-05-23 18:24:31.352000","2025-05-23 20:44:00.929000","買い","143.22700","142.87700","6.00","-132.50","2714.40","支持線戻り","","支持抵抗","5","143.09783"
"2025-05-01","2025-05-31","20260208_060911","20260208_060911-0016","2025-05-27 01:57:13.783000","2025-05-27 05:57:14.598000","買い","142.74700","142.82700","1.00","8.00","2722.40","支持線戻り","","支持抵抗","0","142.74700"
"2025-05-01","2025-05-31","20260208_060911","20260208_060911-0017","2025-05-26 23:50:54.111000","2025-05-27 06:04:01.042000","買い","142.77800","142.78400","2.00","6.20","2728.60","支持線戻り","","支持抵抗","1","142.75300"
"2025-05-01","2025-05-31","20260208_060911","20260208_060911-0018","2025-05-27 02:08:26.162000","2025-05-27 06:08:28.943000","買い","142.72500","142.72000","1.00","-0.50","2728.10","支持線戻り","","支持抵抗","0","142.72500"
"2025-05-01","2025-05-31","20260208_060911","20260208_060911-0019","2025-05-28 18:41:33.300000","2025-05-28 22:00:14.134000","売り","144.21200","144.56600","6.00","-136.40","2591.70","抵抗線戻り","","支持抵抗","5","144.33867"
"2025-05-01","2025-05-31","20260208_060911","20260208_060911-0020","2025-05-28 22:32:09.795000","2025-05-28 23:17:10.621000","売り","144.84200","144.59300","3.00","90.00","2681.70","抵抗線戻り","","支持抵抗","2","144.89300"
"2025-05-01","2025-05-31","20260208_060911","20260208_060911-0021","2025-05-29 19:22:23.961000","2025-05-29 21:17:33.508000","買い","145.03700","144.68700","6.00","-133.90","2547.80","支持線戻り","","支持抵抗","5","144.91017"
"2025-05-01","2025-05-31","20260208_060911","20260208_060911-0022","2025-05-30 02:25:00.124000","2025-05-30 06:25:17.046000","売り","144.24400","144.12800","1.00","11.60","2559.40","抵抗線戻り","","支持抵抗","0","144.24400"
"2025-06-01","2025-06-30","20260208_061020","20260208_061020-0001","2025-06-02 17:21:22.732000","2025-06-02 22:33:16.745000","買い","142.81500","143.03950","4.00","120.00","2679.40","支持線戻り","","支持抵抗","3","142.73950"
"2025-06-01","2025-06-30","20260208_061020","20260208_061020-0002","2025-06-03 01:03:39.017000","2025-06-03 05:55:59.377000","売り","142.83900","142.69800","4.00","86.90","2766.30","抵抗線戻り","","支持抵抗","3","142.91525"
"2025-06-01","2025-06-30","20260208_061020","20260208_061020-0003","2025-06-04 15:43:49.424000","2025-06-04 19:02:14.468000","買い","143.93900","144.18867","3.00","90.00","2856.30","支持線戻り","","支持抵抗","2","143.88867"
"2025-06-01","2025-06-30","20260208_061020","20260208_061020-0004","2025-06-05 12:52:29.539000","2025-06-05 16:00:11.106000","売り","142.91000","143.26000","6.00","-134.10","2722.20","抵抗線戻り","","支持抵抗","5","143.03650"
"2025-06-01","2025-06-30","20260208_061020","20260208_061020-0005","2025-06-05 16:53:32.231000","2025-06-05 19:43:15.496000","売り","143.31600","143.04150","2.00","60.00","2782.20","抵抗線戻り","","支持抵抗","1","143.34150"
"2025-06-01","2025-06-30","20260208_061020","20260208_061020-0006","2025-06-05 15:58:06.705000","2025-06-05 20:56:04.496000","売り","143.20900","143.32100","4.00","-13.90","2768.30","抵抗線戻り","","支持抵抗","3","143.28625"
"2025-06-01","2025-06-30","20260208_061020","20260208_061020-0007","2025-06-05 14:53:33.035000","2025-06-05 21:28:22.588000","売り","143.14500","143.18300","6.00","53.90","2822.20","抵抗線戻り","","支持抵抗","5","143.27283"
"2025-06-01","2025-06-30","20260208_061020","20260208_061020-0008","2025-06-07 01:38:25.784000","2025-06-07 05:38:29.743000","売り","144.95300","144.84700","1.00","10.60","2832.80","抵抗線戻り","","支持抵抗","0","144.95300"
"2025-06-01","2025-06-30","20260208_061020","20260208_061020-0009","2025-06-09 18:12:03.880000","2025-06-09 20:16:40.109000","買い","144.03500","144.31000","2.00","60.00","2892.80","支持線戻り","","支持抵抗","1","144.01000"
"2025-06-01","2025-06-30","20260208_061020","20260208_061020-0010","2025-06-12 21:20:45.768000","2025-06-12 21:36:02.953000","買い","143.61700","143.26700","6.00","-130.40","2762.40","支持線戻り","","支持抵抗","5","143.48433"
"2025-06-01","2025-06-30","20260208_061020","20260208_061020-0011","2025-06-13 19:49:17.758000","2025-06-13 22:52:00.341000","売り","144.34300","144.09367","3.00","90.00","2852.40","抵抗線戻り","","支持抵抗","2","144.39367"
"2025-06-01","2025-06-30","20260208_061020","20260208_061020-0012","2025-06-14 02:34:29.773000","2025-06-16 06:04:01.575000","売り","144.13100","143.95600","2.00","40.50","2892.90","抵抗線戻り","","支持抵抗","1","144.15850"
"2025-06-01","2025-06-30","20260208_061020","20260208_061020-0013","2025-06-14 03:49:37.424000","2025-06-16 06:04:01.575000","買い","143.88500","143.94600","1.00","6.10","2899.00","支持線戻り","","支持抵抗","0","143.88500"
"2025-06-01","2025-06-30","20260208_061020","20260208_061020-0014","2025-06-16 20:07:14.856000","2025-06-16 23:07:11.575000","買い","144.01400","143.66000","6.00","-135.70","2763.30","支持線戻り","","支持抵抗","5","143.88617"
"2025-06-01","2025-06-30","20260208_061020","20260208_061020-0015","2025-06-16 22:19:30.766000","2025-06-16 23:46:47.788000","買い","143.89700","144.09540","5.00","150.00","2913.30","支持線戻り","","支持抵抗","4","143.79540"
"2025-06-01","2025-06-30","20260208_061020","20260208_061020-0016","2025-06-17 03:16:30.442000","2025-06-17 04:45:00.125000","売り","144.41000","144.76200","6.00","-135.40","2777.90","抵抗線戻り","","支持抵抗","5","144.53633"
"2025-06-01","2025-06-30","20260208_061020","20260208_061020-0017","2025-06-18 12:24:00.131000","2025-06-18 21:36:09.135000","買い","145.09900","144.74700","6.00","-135.20","2642.70","支持線戻り","","支持抵抗","5","144.97233"
"2025-06-01","2025-06-30","20260208_061020","20260208_061020-0018","2025-06-19 01:13:06.524000","2025-06-19 03:35:22.716000","買い","144.54600","144.74240","5.00","150.00","2792.70","支持線戻り","","支持抵抗","4","144.44240"
"2025-06-01","2025-06-30","20260208_061020","20260208_061020-0019","2025-06-20 12:18:00.811000","2025-06-20 16:18:02.067000","買い","145.21600","145.36200","1.00","14.60","2807.30","支持線戻り","","支持抵抗","0","145.21600"
"2025-06-01","2025-06-30","20260208_061020","20260208_061020-0020","2025-06-20 20:12:42.578000","2025-06-20 22:41:36.689000","売り","145.45700","145.80900","6.00","-134.90","2672.40","抵抗線戻り","","支持抵抗","5","145.58417"
"2025-06-01","2025-06-30","20260208_061020","20260208_061020-0021","2025-06-20 20:31:00.261000","2025-06-20 23:20:04.978000","売り","145.55900","145.91100","6.00","-135.20","2537.20","抵抗線戻り","","支持抵抗","5","145.68567"
"2025-06-01","2025-06-30","20260208_061020","20260208_061020-0022","2025-06-23 17:51:54.025000","2025-06-23 18:20:34.072000","売り","147.52300","147.87300","6.00","-134.60","2402.60","抵抗線戻り","","支持抵抗","5","147.64867"
"2025-06-01","2025-06-30","20260208_061020","20260208_061020-0023","2025-06-24 12:29:34.260000","2025-06-24 15:23:38.330000","買い","145.42800","145.07300","6.00","-136.60","2266.00","支持線戻り","","支持抵抗","5","145.30067"
"2025-06-01","2025-06-30","20260208_061020","20260208_061020-0024","2025-06-24 22:01:11.917000","2025-06-24 23:24:01.787000","買い","144.91100","144.55700","6.00","-136.80","2129.20","支持線戻り","","支持抵抗","5","144.78500"
"2025-06-01","2025-06-30","20260208_061020","20260208_061020-0025","2025-06-25 01:50:31.718000","2025-06-25 06:23:22.828000","買い","144.75400","144.88500","4.00","82.80","2212.00","支持線戻り","","支持抵抗","3","144.67800"
"2025-06-01","2025-06-30","20260208_061020","20260208_061020-0026","2025-06-25 22:06:07.995000","2025-06-25 23:10:04.635000","売り","145.93900","145.63900","1.00","30.00","2242.00","抵抗線戻り","","支持抵抗","0","145.93900"
"2025-06-01","2025-06-30","20260208_061020","20260208_061020-0027","2025-06-25 18:37:37.707000","2025-06-26 01:03:24.040000","売り","145.66800","145.49467","6.00","180.00","2422.00","抵抗線戻り","","支持抵抗","5","145.79467"
"2025-06-01","2025-06-30","20260208_061020","20260208_061020-0028","2025-06-25 18:34:27.223000","2025-06-26 01:07:12.879000","売り","145.63700","145.46383","6.00","180.00","2602.00","抵抗線戻り","","支持抵抗","5","145.76383"
"2025-06-01","2025-06-30","20260208_061020","20260208_061020-0029","2025-06-26 11:06:48.251000","2025-06-26 13:12:04.615000","買い","144.69100","144.93967","3.00","90.00","2692.00","支持線戻り","","支持抵抗","2","144.63967"
"2025-06-01","2025-06-30","20260208_061020","20260208_061020-0030","2025-06-26 20:28:42.915000","2025-06-27 01:31:16.532000","売り","144.38800","144.14033","3.00","90.00","2782.00","抵抗線戻り","","支持抵抗","2","144.44033"
"2025-06-01","2025-06-30","20260208_061020","20260208_061020-0031","2025-06-27 18:05:36.335000","2025-06-27 22:31:28.602000","売り","144.44400","144.79400","6.00","-133.90","2648.10","抵抗線戻り","","支持抵抗","5","144.57083"
"2025-06-01","2025-06-30","20260208_061020","20260208_061020-0032","2025-06-28 02:42:29.303000","2025-06-30 06:00:30.706000","売り","144.81300","144.53900","2.00","60.00","2708.10","抵抗線戻り","","支持抵抗","1","144.83900"
"2025-06-01","2025-06-30","20260208_061020","20260208_061020-0033","2025-06-30 13:12:36.806000","2025-06-30 18:03:33.484000","買い","144.12400","144.14300","6.00","87.10","2795.20","支持線戻り","","支持抵抗","5","143.99783"
"2025-06-01","2025-06-30","20260208_061020","20260208_061020-0034","2025-06-30 21:56:45.300000","2025-06-30 23:59:58.976000","売り","144.48400","144.45800","1.00","2.60","2797.80","抵抗線戻り","","支持抵抗","0","144.48400"
"2025-07-01","2025-07-31","20260208_061120","20260208_061120-0001","2025-07-02 03:47:49.712000","2025-07-02 05:37:17.863000","売り","143.78300","143.48300","1.00","30.00","2827.80","抵抗線戻り","","支持抵抗","0","143.78300"
"2025-07-01","2025-07-31","20260208_061120","20260208_061120-0002","2025-07-04 21:26:11.521000","2025-07-05 03:45:04.511000","売り","144.42700","144.48900","3.00","-3.30","2824.50","抵抗線戻り","","支持抵抗","2","144.47800"
"2025-07-01","2025-07-31","20260208_061120","20260208_061120-0003","2025-07-07 11:51:01.280000","2025-07-07 15:32:23.109000","売り","144.79300","145.14800","6.00","-136.80","2687.70","抵抗線戻り","","支持抵抗","5","144.92000"
"2025-07-01","2025-07-31","20260208_061120","20260208_061120-0004","2025-07-08 00:17:05.497000","2025-07-08 02:30:18.416000","売り","145.87000","146.22000","6.00","-134.10","2553.60","抵抗線戻り","","支持抵抗","5","145.99650"
"2025-07-01","2025-07-31","20260208_061120","20260208_061120-0005","2025-07-08 16:52:35.442000","2025-07-08 19:14:54.538000","買い","146.01800","146.31800","1.00","30.00","2583.60","支持線戻り","","支持抵抗","0","146.01800"
"2025-07-01","2025-07-31","20260208_061120","20260208_061120-0006","2025-07-09 11:46:43.352000","2025-07-09 16:05:00.421000","売り","147.03800","146.79000","3.00","90.00","2673.60","抵抗線戻り","","支持抵抗","2","147.09000"
"2025-07-01","2025-07-31","20260208_061120","20260208_061120-0007","2025-07-09 17:39:21.738000","2025-07-09 22:13:43.902000","買い","146.71500","146.36500","6.00","-134.10","2539.50","支持線戻り","","支持抵抗","5","146.58850"
"2025-07-01","2025-07-31","20260208_061120","20260208_061120-0008","2025-07-10 12:03:46.613000","2025-07-10 17:34:00.411000","売り","146.12900","146.38900","6.00","-80.40","2459.10","抵抗線戻り","","支持抵抗","5","146.25500"
"2025-07-01","2025-07-31","20260208_061120","20260208_061120-0009","2025-07-10 12:55:35.200000","2025-07-10 20:45:34.985000","売り","146.23800","146.29600","5.00","22.50","2481.60","抵抗線戻り","","支持抵抗","4","146.34100"
"2025-07-01","2025-07-31","20260208_061120","20260208_061120-0010","2025-07-10 13:18:34.625000","2025-07-10 20:45:34.985000","売り","146.27900","146.29600","4.00","23.50","2505.10","抵抗線戻り","","支持抵抗","3","146.35475"
"2025-07-01","2025-07-31","20260208_061120","20260208_061120-0011","2025-07-10 19:29:52.471000","2025-07-10 21:32:14.381000","買い","146.16200","146.43550","2.00","60.00","2565.10","支持線戻り","","支持抵抗","1","146.13550"
"2025-07-01","2025-07-31","20260208_061120","20260208_061120-0012","2025-07-11 04:50:59.640000","2025-07-11 08:51:12.045000","買い","146.19000","146.18800","1.00","-0.20","2564.90","支持線戻り","","支持抵抗","0","146.19000"
"2025-07-01","2025-07-31","20260208_061120","20260208_061120-0013","2025-07-11 11:14:55.048000","2025-07-11 15:50:20.428000","売り","146.92800","146.75650","6.00","180.00","2744.90","抵抗線戻り","","支持抵抗","5","147.05650"
"2025-07-01","2025-07-31","20260208_061120","20260208_061120-0014","2025-07-14 18:22:19.634000","2025-07-14 22:33:22.038000","買い","147.23600","147.44000","2.00","45.90","2790.80","支持線戻り","","支持抵抗","1","147.21050"
"2025-07-01","2025-07-31","20260208_061120","20260208_061120-0015","2025-07-14 20:45:35.300000","2025-07-15 00:58:53.572000","売り","147.36100","147.71100","6.00","-134.30","2656.50","抵抗線戻り","","支持抵抗","5","147.48717"
"2025-07-01","2025-07-31","20260208_061120","20260208_061120-0016","2025-07-17 12:41:41.714000","2025-07-17 21:30:14.495000","売り","148.61800","148.97300","6.00","-136.90","2519.60","抵抗線戻り","","支持抵抗","5","148.74483"
"2025-07-01","2025-07-31","20260208_061120","20260208_061120-0017","2025-07-17 19:06:57.383000","2025-07-17 22:07:22.418000","売り","148.76800","148.59567","6.00","180.00","2699.60","抵抗線戻り","","支持抵抗","5","148.89567"
"2025-07-01","2025-07-31","20260208_061120","20260208_061120-0018","2025-07-19 02:38:21.511000","2025-07-21 06:00:30.684000","売り","148.77400","148.49950","2.00","60.00","2759.60","抵抗線戻り","","支持抵抗","1","148.79950"
"2025-07-01","2025-07-31","20260208_061120","20260208_061120-0019","2025-07-19 04:13:19.215000","2025-07-21 06:00:30.684000","売り","148.79200","148.51850","2.00","60.00","2819.60","抵抗線戻り","","支持抵抗","1","148.81850"
"2025-07-01","2025-07-31","20260208_061120","20260208_061120-0020","2025-07-22 13:44:02.580000","2025-07-22 18:22:46.466000","売り","147.62500","147.45117","6.00","180.00","2999.60","抵抗線戻り","","支持抵抗","5","147.75117"
"2025-07-01","2025-07-31","20260208_061120","20260208_061120-0021","2025-07-23 13:25:14.682000","2025-07-23 15:29:41.033000","売り","147.04300","146.82250","4.00","120.00","3119.60","抵抗線戻り","","支持抵抗","3","147.12250"
"2025-07-01","2025-07-31","20260208_061120","20260208_061120-0022","2025-07-24 12:45:32.268000","2025-07-24 15:15:23.282000","買い","145.96800","146.24300","2.00","60.00","3179.60","支持線戻り","","支持抵抗","1","145.94300"
"2025-07-01","2025-07-31","20260208_061120","20260208_061120-0023","2025-07-25 13:11:00.077000","2025-07-25 14:55:29.754000","買い","147.17100","146.81400","6.00","-137.50","3042.10","支持線戻り","","支持抵抗","5","147.04317"
"2025-07-01","2025-07-31","20260208_061120","20260208_061120-0024","2025-07-25 14:03:50.093000","2025-07-25 16:39:47.880000","買い","147.11200","147.28333","6.00","180.00","3222.10","支持線戻り","","支持抵抗","5","146.98333"
"2025-07-01","2025-07-31","20260208_061120","20260208_061120-0025","2025-07-25 21:06:21.029000","2025-07-26 03:16:47.186000","買い","147.65400","147.62300","3.00","5.80","3227.90","支持線戻り","","支持抵抗","2","147.60367"
"2025-07-01","2025-07-31","20260208_061120","20260208_061120-0026","2025-07-28 14:58:05.171000","2025-07-28 15:36:44.450000","売り","147.84700","148.19700","6.00","-133.90","3094.00","抵抗線戻り","","支持抵抗","5","147.97383"
"2025-07-01","2025-07-31","20260208_061120","20260208_061120-0027","2025-07-31 18:47:39.690000","2025-07-31 21:46:46.928000","売り","149.86100","150.22000","6.00","-137.10","2956.90","抵抗線戻り","","支持抵抗","5","149.99150"
"2025-08-01","2025-08-31","20260208_061215","20260208_061215-0001","2025-08-01 18:35:27.568000","2025-08-01 21:30:04.753000","買い","150.47200","149.94500","6.00","-199.60","2757.30","支持線戻り","","支持抵抗","5","150.27767"
"2025-08-01","2025-08-31","20260208_061215","20260208_061215-0002","2025-08-05 00:11:28.957000","2025-08-05 01:51:54.715000","売り","147.31700","147.01700","1.00","30.00","2787.30","抵抗線戻り","","支持抵抗","0","147.31700"
"2025-08-01","2025-08-31","20260208_061215","20260208_061215-0003","2025-08-05 13:55:55.534000","2025-08-05 15:48:15.221000","買い","147.02500","147.32500","1.00","30.00","2817.30","支持線戻り","","支持抵抗","0","147.02500"
"2025-08-01","2025-08-31","20260208_061215","20260208_061215-0004","2025-08-06 18:09:51.287000","2025-08-06 20:15:48.048000","売り","147.86200","147.56200","1.00","30.00","2847.30","抵抗線戻り","","支持抵抗","0","147.86200"
"2025-08-01","2025-08-31","20260208_061215","20260208_061215-0005","2025-08-06 17:35:20.836000","2025-08-06 20:23:02.538000","売り","147.79200","147.51800","2.00","60.00","2907.30","抵抗線戻り","","支持抵抗","1","147.81800"
"2025-08-01","2025-08-31","20260208_061215","20260208_061215-0006","2025-08-08 13:16:05.293000","2025-08-08 17:16:06.804000","買い","147.15400","147.22200","1.00","6.80","2914.10","支持線戻り","","支持抵抗","0","147.15400"
"2025-08-01","2025-08-31","20260208_061215","20260208_061215-0007","2025-08-08 14:36:00.426000","2025-08-08 17:57:12.652000","売り","147.31000","147.66000","6.00","-134.30","2779.80","抵抗線戻り","","支持抵抗","5","147.43617"
"2025-08-01","2025-08-31","20260208_061215","20260208_061215-0008","2025-08-09 03:50:29.508000","2025-08-11 06:04:02.330000","売り","147.76400","147.49050","2.00","60.00","2839.80","抵抗線戻り","","支持抵抗","1","147.79050"
"2025-08-01","2025-08-31","20260208_061215","20260208_061215-0009","2025-08-11 12:44:50.246000","2025-08-11 19:01:03.757000","買い","147.46300","147.71233","3.00","90.00","2929.80","支持線戻り","","支持抵抗","2","147.41233"
"2025-08-01","2025-08-31","20260208_061215","20260208_061215-0010","2025-08-12 04:35:22.593000","2025-08-12 09:00:05.092000","売り","148.19000","148.17600","2.00","7.80","2937.60","抵抗線戻り","","支持抵抗","1","148.21500"
"2025-08-01","2025-08-31","20260208_061215","20260208_061215-0011","2025-08-13 11:19:57.983000","2025-08-13 15:19:58.944000","売り","148.15500","147.89200","1.00","26.30","2963.90","抵抗線戻り","","支持抵抗","0","148.15500"
"2025-08-01","2025-08-31","20260208_061215","20260208_061215-0012","2025-08-15 18:11:02.396000","2025-08-15 21:30:50.782000","買い","146.82900","147.10200","2.00","60.00","3023.90","支持線戻り","","支持抵抗","1","146.80200"
"2025-08-01","2025-08-31","20260208_061215","20260208_061215-0013","2025-08-15 20:51:45.647000","2025-08-15 21:39:15.912000","売り","147.01500","146.84150","6.00","180.00","3203.90","抵抗線戻り","","支持抵抗","5","147.14150"
"2025-08-01","2025-08-31","20260208_061215","20260208_061215-0014","2025-08-15 20:37:07.930000","2025-08-15 21:39:18.142000","売り","146.98600","146.81417","6.00","180.00","3383.90","抵抗線戻り","","支持抵抗","5","147.11417"
"2025-08-01","2025-08-31","20260208_061215","20260208_061215-0015","2025-08-15 23:41:02.507000","2025-08-16 01:33:36.702000","買い","146.84700","147.14700","1.00","30.00","3413.90","支持線戻り","","支持抵抗","0","146.84700"
"2025-08-01","2025-08-31","20260208_061215","20260208_061215-0016","2025-08-16 01:21:03.166000","2025-08-18 06:00:41.067000","売り","147.08300","147.16200","5.00","10.90","3424.80","抵抗線戻り","","支持抵抗","4","147.18380"
"2025-08-01","2025-08-31","20260208_061215","20260208_061215-0017","2025-08-18 21:10:48.259000","2025-08-18 23:47:51.251000","売り","147.58000","147.93100","6.00","-134.30","3290.50","抵抗線戻り","","支持抵抗","5","147.70717"
"2025-08-01","2025-08-31","20260208_061215","20260208_061215-0018","2025-08-19 19:24:34.344000","2025-08-20 06:14:11.674000","買い","147.63200","147.54600","4.00","-4.10","3286.40","支持線戻り","","支持抵抗","3","147.55625"
"2025-08-01","2025-08-31","20260208_061215","20260208_061215-0019","2025-08-21 04:05:34.942000","2025-08-21 09:10:24.447000","売り","147.28300","147.43500","5.00","-25.30","3261.10","抵抗線戻り","","支持抵抗","4","147.38440"
"2025-08-01","2025-08-31","20260208_061215","20260208_061215-0020","2025-08-21 12:30:30.073000","2025-08-21 19:12:20.412000","売り","147.41200","147.76200","6.00","-133.10","3128.00","抵抗線戻り","","支持抵抗","5","147.54017"
"2025-08-01","2025-08-31","20260208_061215","20260208_061215-0021","2025-08-21 20:57:12.253000","2025-08-21 21:30:20.370000","売り","147.92200","147.62200","1.00","30.00","3158.00","抵抗線戻り","","支持抵抗","0","147.92200"
"2025-08-01","2025-08-31","20260208_061215","20260208_061215-0022","2025-08-22 13:31:02.928000","2025-08-22 15:43:31.094000","売り","148.71300","148.43800","2.00","60.00","3218.00","抵抗線戻り","","支持抵抗","1","148.73800"
"2025-08-01","2025-08-31","20260208_061215","20260208_061215-0023","2025-08-22 18:26:47.819000","2025-08-22 23:00:01.915000","売り","148.67400","148.39950","2.00","60.00","3278.00","抵抗線戻り","","支持抵抗","1","148.69950"
"2025-08-01","2025-08-31","20260208_061215","20260208_061215-0024","2025-08-25 22:16:36.782000","2025-08-26 04:05:00.755000","売り","147.49800","147.84800","6.00","-134.80","3143.20","抵抗線戻り","","支持抵抗","5","147.62333"
"2025-08-01","2025-08-31","20260208_061215","20260208_061215-0025","2025-08-26 14:25:43.464000","2025-08-26 17:30:14.644000","売り","147.85900","147.55900","1.00","30.00","3173.20","抵抗線戻り","","支持抵抗","0","147.85900"
"2025-08-01","2025-08-31","20260208_061215","20260208_061215-0026","2025-08-26 11:46:57.546000","2025-08-26 18:12:23.572000","売り","147.58100","147.60400","6.00","61.60","3234.80","抵抗線戻り","","支持抵抗","5","147.70667"
"2025-08-01","2025-08-31","20260208_061215","20260208_061215-0027","2025-08-27 00:43:28.084000","2025-08-27 05:22:55.133000","買い","147.34600","147.45100","5.00","103.00","3337.80","支持線戻り","","支持抵抗","4","147.24500"
"2025-08-01","2025-08-31","20260208_061215","20260208_061215-0028","2025-08-27 11:15:33.594000","2025-08-27 17:20:26.142000","売り","147.68700","147.95500","6.00","-85.20","3252.60","抵抗線戻り","","支持抵抗","5","147.81300"
"2025-08-01","2025-08-31","20260208_061215","20260208_061215-0029","2025-08-30 02:50:24.206000","2025-08-30 05:59:58.179000","売り","146.97500","147.00200","3.00","7.20","3259.80","抵抗線戻り","","支持抵抗","2","147.02600"
"2025-09-01","2025-09-30","20260208_061314","20260208_061314-0001","2025-09-01 23:45:41.184000","2025-09-02 03:46:14.169000","売り","147.28400","147.23500","1.00","4.90","3264.70","抵抗線戻り","","支持抵抗","0","147.28400"
"2025-09-01","2025-09-30","20260208_061314","20260208_061314-0002","2025-09-02 13:23:42.116000","2025-09-02 16:13:55.816000","売り","147.81100","148.16600","6.00","-134.80","3129.90","抵抗線戻り","","支持抵抗","5","147.94133"
"2025-09-01","2025-09-30","20260208_061314","20260208_061314-0003","2025-09-03 15:30:46.471000","2025-09-03 16:17:29.491000","買い","148.55900","148.85900","1.00","30.00","3159.90","支持線戻り","","支持抵抗","0","148.55900"
"2025-09-01","2025-09-30","20260208_061314","20260208_061314-0004","2025-09-04 11:51:38.124000","2025-09-04 20:56:00.460000","売り","148.15600","148.37000","6.00","-52.90","3107.00","抵抗線戻り","","支持抵抗","5","148.28183"
"2025-09-01","2025-09-30","20260208_061314","20260208_061314-0005","2025-09-04 13:16:11.260000","2025-09-04 20:56:19.630000","売り","148.26300","148.37500","4.00","-14.50","3092.50","抵抗線戻り","","支持抵抗","3","148.33875"
"2025-09-01","2025-09-30","20260208_061314","20260208_061314-0006","2025-09-05 04:20:17.837000","2025-09-05 09:58:08.999000","買い","148.51800","148.16600","6.00","-135.20","2957.30","支持線戻り","","支持抵抗","5","148.39133"
"2025-09-01","2025-09-30","20260208_061314","20260208_061314-0007","2025-09-08 17:04:32.389000","2025-09-08 19:05:06.289000","買い","147.50000","147.80000","1.00","30.00","2987.30","支持線戻り","","支持抵抗","0","147.50000"
"2025-09-01","2025-09-30","20260208_061314","20260208_061314-0008","2025-09-09 04:50:03.807000","2025-09-09 13:49:58.155000","買い","147.36800","147.13700","5.00","-64.20","2923.10","支持線戻り","","支持抵抗","4","147.26540"
"2025-09-01","2025-09-30","20260208_061314","20260208_061314-0009","2025-09-10 04:08:33.443000","2025-09-10 08:08:33.445000","売り","147.43000","147.38300","1.00","4.70","2927.80","抵抗線戻り","","支持抵抗","0","147.43000"
"2025-09-01","2025-09-30","20260208_061314","20260208_061314-0010","2025-09-10 04:16:55.899000","2025-09-10 08:17:00.114000","売り","147.44800","147.40800","1.00","4.00","2931.80","抵抗線戻り","","支持抵抗","0","147.44800"
"2025-09-01","2025-09-30","20260208_061314","20260208_061314-0011","2025-09-10 11:59:10.096000","2025-09-10 15:59:10.541000","買い","147.31400","147.55200","1.00","23.80","2955.60","支持線戻り","","支持抵抗","0","147.31400"
"2025-09-01","2025-09-30","20260208_061314","20260208_061314-0012","2025-09-11 18:17:39.073000","2025-09-11 21:30:16.264000","売り","147.89200","147.72617","6.00","180.00","3135.60","抵抗線戻り","","支持抵抗","5","148.02617"
"2025-09-01","2025-09-30","20260208_061314","20260208_061314-0013","2025-09-12 13:42:01.355000","2025-09-12 17:41:49.555000","売り","147.53100","147.88100","6.00","-132.50","3003.10","抵抗線戻り","","支持抵抗","5","147.66017"
"2025-09-01","2025-09-30","20260208_061314","20260208_061314-0014","2025-09-12 22:22:02.140000","2025-09-15 06:09:12.617000","買い","147.79000","147.43900","6.00","-135.10","2868.00","支持線戻り","","支持抵抗","5","147.66417"
"2025-09-01","2025-09-30","20260208_061314","20260208_061314-0015","2025-09-13 03:44:39.691000","2025-09-15 07:00:06.815000","買い","147.49900","147.72967","3.00","90.00","2958.00","支持線戻り","","支持抵抗","2","147.42967"
"2025-09-01","2025-09-30","20260208_061314","20260208_061314-0016","2025-09-17 21:30:03.811000","2025-09-18 01:30:04.834000","売り","146.45200","146.29300","1.00","15.90","2973.90","抵抗線戻り","","支持抵抗","0","146.45200"
"2025-09-01","2025-09-30","20260208_061314","20260208_061314-0017","2025-09-18 19:13:10.499000","2025-09-18 21:45:48.898000","売り","147.32800","147.68200","6.00","-135.40","2838.50","抵抗線戻り","","支持抵抗","5","147.45633"
"2025-09-01","2025-09-30","20260208_061314","20260208_061314-0018","2025-09-19 12:19:08.122000","2025-09-19 12:47:39.412000","買い","147.93900","147.58900","6.00","-134.60","2703.90","支持線戻り","","支持抵抗","5","147.81333"
"2025-09-01","2025-09-30","20260208_061314","20260208_061314-0019","2025-09-19 17:19:35.410000","2025-09-19 23:44:04.162000","売り","147.97500","147.80183","6.00","180.00","2883.90","抵抗線戻り","","支持抵抗","5","148.10183"
"2025-09-01","2025-09-30","20260208_061314","20260208_061314-0020","2025-09-24 02:51:49.514000","2025-09-24 06:51:49.754000","買い","147.51900","147.58900","1.00","7.00","2890.90","支持線戻り","","支持抵抗","0","147.51900"
"2025-09-01","2025-09-30","20260208_061314","20260208_061314-0021","2025-09-24 18:10:39.586000","2025-09-24 21:45:06.203000","売り","148.29100","148.64100","6.00","-134.70","2756.20","抵抗線戻り","","支持抵抗","5","148.41650"
"2025-09-01","2025-09-30","20260208_061314","20260208_061314-0022","2025-09-24 19:07:45.685000","2025-09-24 21:51:04.877000","売り","148.34300","148.69300","6.00","-135.00","2621.20","抵抗線戻り","","支持抵抗","5","148.46800"
"2025-09-01","2025-09-30","20260208_061314","20260208_061314-0023","2025-09-24 19:12:32.799000","2025-09-24 21:51:21.396000","売り","148.34800","148.69900","6.00","-135.10","2486.10","抵抗線戻り","","支持抵抗","5","148.47383"
"2025-09-01","2025-09-30","20260208_061314","20260208_061314-0024","2025-09-24 19:56:06.484000","2025-09-24 22:15:37.773000","売り","148.39700","148.74800","6.00","-135.20","2350.90","抵抗線戻り","","支持抵抗","5","148.52267"
"2025-09-01","2025-09-30","20260208_061314","20260208_061314-0025","2025-09-24 22:16:45.879000","2025-09-25 03:02:11.056000","売り","148.73000","148.75800","2.00","-0.60","2350.30","抵抗線戻り","","支持抵抗","1","148.75500"
"2025-09-01","2025-09-30","20260208_061314","20260208_061314-0026","2025-09-25 14:50:03.122000","2025-09-25 19:00:28.273000","売り","148.77200","148.80400","2.00","-1.30","2349.00","抵抗線戻り","","支持抵抗","1","148.79750"
"2025-09-01","2025-09-30","20260208_061314","20260208_061314-0027","2025-09-26 02:30:00.779000","2025-09-26 06:30:03.058000","売り","149.88200","149.81700","1.00","6.50","2355.50","抵抗線戻り","","支持抵抗","0","149.88200"
"2025-09-01","2025-09-30","20260208_061314","20260208_061314-0028","2025-09-29 22:47:53.848000","2025-09-30 02:47:58.229000","買い","148.54400","148.58900","1.00","4.50","2360.00","支持線戻り","","支持抵抗","0","148.54400"
"2025-09-01","2025-09-30","20260208_061314","20260208_061314-0029","2025-09-30 14:02:05.490000","2025-09-30 16:02:57.049000","買い","148.39900","148.04700","6.00","-135.90","2224.10","支持線戻り","","支持抵抗","5","148.27350"
"2025-10-01","2025-10-31","20260208_061422","20260208_061422-0001","2025-10-01 12:08:04.016000","2025-10-01 14:00:00.398000","買い","147.89600","147.54400","6.00","-135.60","2088.50","支持線戻り","","支持抵抗","5","147.77000"
"2025-10-01","2025-10-31","20260208_061422","20260208_061422-0002","2025-10-01 19:09:51.435000","2025-10-01 21:15:47.320000","売り","147.23100","146.93100","1.00","30.00","2118.50","抵抗線戻り","","支持抵抗","0","147.23100"
"2025-10-01","2025-10-31","20260208_061422","20260208_061422-0003","2025-10-03 15:37:20.988000","2025-10-03 21:56:19.226000","買い","147.54100","147.24600","6.00","-101.20","2017.30","支持線戻り","","支持抵抗","5","147.41467"
"2025-10-01","2025-10-31","20260208_061422","20260208_061422-0004","2025-10-03 16:56:29.367000","2025-10-04 03:00:04.090000","買い","147.43900","147.50400","6.00","124.30","2141.60","支持線戻り","","支持抵抗","5","147.29683"
"2025-10-01","2025-10-31","20260208_061422","20260208_061422-0005","2025-10-04 01:46:48.793000","2025-10-04 05:46:49.144000","売り","147.51600","147.46900","1.00","4.70","2146.30","抵抗線戻り","","支持抵抗","0","147.51600"
"2025-10-01","2025-10-31","20260208_061422","20260208_061422-0006","2025-10-08 01:36:40.873000","2025-10-08 03:12:53.954000","売り","151.27500","151.62700","6.00","-134.20","2012.10","抵抗線戻り","","支持抵抗","5","151.40333"
"2025-10-01","2025-10-31","20260208_061422","20260208_061422-0007","2025-10-08 14:37:26.361000","2025-10-08 17:50:57.906000","買い","152.31100","152.61100","1.00","30.00","2042.10","支持線戻り","","支持抵抗","0","152.31100"
"2025-10-01","2025-10-31","20260208_061422","20260208_061422-0008","2025-10-09 02:06:28.433000","2025-10-09 06:04:00.690000","売り","152.79600","152.54967","3.00","90.00","2132.10","抵抗線戻り","","支持抵抗","2","152.84967"
"2025-10-01","2025-10-31","20260208_061422","20260208_061422-0009","2025-10-13 23:34:25.632000","2025-10-14 03:34:28.339000","売り","152.40600","152.23500","1.00","17.10","2149.20","抵抗線戻り","","支持抵抗","0","152.40600"
"2025-10-01","2025-10-31","20260208_061422","20260208_061422-0010","2025-10-15 11:54:30.497000","2025-10-15 17:13:05.629000","買い","151.05800","151.30733","3.00","90.00","2239.20","支持線戻り","","支持抵抗","2","151.00733"
"2025-10-01","2025-10-31","20260208_061422","20260208_061422-0011","2025-10-16 03:09:48.186000","2025-10-16 05:59:51.184000","売り","151.35400","151.05400","1.00","30.00","2269.20","抵抗線戻り","","支持抵抗","0","151.35400"
"2025-10-01","2025-10-31","20260208_061422","20260208_061422-0012","2025-10-21 18:06:25.115000","2025-10-21 19:44:27.634000","売り","151.67600","152.02600","6.00","-134.10","2135.10","抵抗線戻り","","支持抵抗","5","151.80250"
"2025-10-01","2025-10-31","20260208_061422","20260208_061422-0013","2025-10-21 18:36:35.519000","2025-10-21 21:33:40.298000","売り","151.76700","152.12300","6.00","-136.10","1999.00","抵抗線戻り","","支持抵抗","5","151.89617"
"2025-10-01","2025-10-31","20260208_061422","20260208_061422-0014","2025-10-22 21:47:15.514000","2025-10-23 01:30:37.772000","売り","151.90500","151.65567","3.00","90.00","2089.00","抵抗線戻り","","支持抵抗","2","151.95567"
"2025-10-01","2025-10-31","20260208_061422","20260208_061422-0015","2025-10-23 19:53:53.215000","2025-10-23 23:58:11.656000","売り","152.71500","152.63000","2.00","22.10","2111.10","抵抗線戻り","","支持抵抗","1","152.74050"
"2025-10-01","2025-10-31","20260208_061422","20260208_061422-0016","2025-10-23 17:35:31.250000","2025-10-24 00:17:48.950000","売り","152.53900","152.71000","6.00","-26.90","2084.20","抵抗線戻り","","支持抵抗","5","152.66517"
"2025-10-01","2025-10-31","20260208_061422","20260208_061422-0017","2025-10-24 03:39:00.470000","2025-10-24 07:56:55.270000","買い","152.59200","152.58100","2.00","3.20","2087.40","支持線戻り","","支持抵抗","1","152.56500"
"2025-10-01","2025-10-31","20260208_061422","20260208_061422-0018","2025-10-29 04:25:07.263000","2025-10-29 08:40:14.505000","買い","152.01300","152.14300","2.00","31.20","2118.60","支持線戻り","","支持抵抗","1","151.98700"
"2025-10-01","2025-10-31","20260208_061422","20260208_061422-0019","2025-10-29 18:17:28.213000","2025-10-29 20:50:21.768000","売り","152.45100","152.15100","1.00","30.00","2148.60","抵抗線戻り","","支持抵抗","0","152.45100"
"2025-10-01","2025-10-31","20260208_061422","20260208_061422-0020","2025-10-30 14:18:05.003000","2025-10-30 15:40:17.403000","売り","152.84100","153.19100","6.00","-134.60","2014.00","抵抗線戻り","","支持抵抗","5","152.96667"
"2025-10-01","2025-10-31","20260208_061422","20260208_061422-0021","2025-10-31 14:50:39.301000","2025-10-31 15:44:42.659000","買い","153.86000","154.16000","1.00","30.00","2044.00","支持線戻り","","支持抵抗","0","153.86000"
"2025-10-01","2025-10-31","20260208_061422","20260208_061422-0022","2025-10-31 12:00:28.626000","2025-10-31 15:53:30.264000","売り","153.87600","154.22700","6.00","-134.60","1909.40","抵抗線戻り","","支持抵抗","5","154.00267"
"2025-10-01","2025-10-31","20260208_061422","20260208_061422-0023","2025-10-31 12:26:34.724000","2025-10-31 16:01:10.798000","売り","153.93500","154.28600","6.00","-134.40","1775.00","抵抗線戻り","","支持抵抗","5","154.06200"
"2025-10-01","2025-10-31","20260208_061422","20260208_061422-0024","2025-10-31 22:57:47.450000","2025-10-31 23:59:58.762000","買い","154.07900","153.94600","4.00","-22.90","1752.10","支持線戻り","","支持抵抗","3","154.00325"
"2025-11-01","2025-11-30","20260208_055949","20260208_055949-0001","2025-11-03 17:36:23.445000","2025-11-03 21:45:46.971000","買い","154.11700","154.16100","2.00","13.90","1766.00","支持線戻り","","支持抵抗","1","154.09150"
"2025-11-01","2025-11-30","20260208_055949","20260208_055949-0002","2025-11-03 22:40:51.965000","2025-11-04 00:00:00.263000","売り","154.28300","153.98300","1.00","30.00","1796.00","抵抗線戻り","","支持抵抗","0","154.28300"
"2025-11-01","2025-11-30","20260208_055949","20260208_055949-0003","2025-11-04 02:49:42.479000","2025-11-04 07:31:00.960000","売り","154.16100","154.21500","2.00","-5.70","1790.30","抵抗線戻り","","支持抵抗","1","154.18650"
"2025-11-01","2025-11-30","20260208_055949","20260208_055949-0004","2025-11-05 21:40:57.561000","2025-11-06 00:00:00.316000","売り","153.70600","154.05600","6.00","-135.00","1655.30","抵抗線戻り","","支持抵抗","5","153.83100"
"2025-11-01","2025-11-30","20260208_055949","20260208_055949-0005","2025-11-06 15:04:54.442000","2025-11-06 21:56:28.375000","買い","153.84400","153.61100","6.00","-63.20","1592.10","支持線戻り","","支持抵抗","5","153.71633"
"2025-11-01","2025-11-30","20260208_055949","20260208_055949-0006","2025-11-07 04:16:33.942000","2025-11-07 08:38:37.491000","売り","153.08500","152.94900","2.00","32.30","1624.40","抵抗線戻り","","支持抵抗","1","153.11050"
"2025-11-01","2025-11-30","20260208_055949","20260208_055949-0007","2025-11-12 03:46:29.800000","2025-11-12 07:46:30.631000","売り","154.13200","154.07400","1.00","5.80","1630.20","抵抗線戻り","","支持抵抗","0","154.13200"
"2025-11-01","2025-11-30","20260208_055949","20260208_055949-0008","2025-11-13 14:59:58.806000","2025-11-13 17:01:20.153000","売り","154.95400","154.67950","2.00","60.00","1690.20","抵抗線戻り","","支持抵抗","1","154.97950"
"2025-11-01","2025-11-30","20260208_055949","20260208_055949-0009","2025-11-13 13:49:26.781000","2025-11-13 17:32:35.400000","売り","154.84700","154.62325","4.00","120.00","1810.20","抵抗線戻り","","支持抵抗","3","154.92325"
"2025-11-01","2025-11-30","20260208_055949","20260208_055949-0010","2025-11-14 17:00:20.545000","2025-11-14 21:05:17.186000","売り","154.67000","154.61500","2.00","16.00","1826.20","抵抗線戻り","","支持抵抗","1","154.69500"
"2025-11-01","2025-11-30","20260208_055949","20260208_055949-0011","2025-11-14 19:30:12.997000","2025-11-14 21:20:03.681000","売り","154.71400","154.41400","1.00","30.00","1856.20","抵抗線戻り","","支持抵抗","0","154.71400"
"2025-11-01","2025-11-30","20260208_055949","20260208_055949-0012","2025-11-17 12:03:17.065000","2025-11-17 19:06:32.820000","売り","154.74200","154.74900","2.00","3.60","1859.80","抵抗線戻り","","支持抵抗","1","154.76700"
"2025-11-01","2025-11-30","20260208_055949","20260208_055949-0013","2025-11-17 23:48:38.143000","2025-11-18 04:10:15.044000","売り","154.97800","155.14000","6.00","-19.30","1840.50","抵抗線戻り","","支持抵抗","5","155.10783"
"2025-11-01","2025-11-30","20260208_055949","20260208_055949-0014","2025-11-18 20:49:42.778000","2025-11-18 22:26:21.632000","売り","155.42300","155.12300","1.00","30.00","1870.50","抵抗線戻り","","支持抵抗","0","155.42300"
"2025-11-01","2025-11-30","20260208_055949","20260208_055949-0015","2025-11-18 19:50:01.242000","2025-11-18 22:30:07.854000","売り","155.35900","155.08850","2.00","60.00","1930.50","抵抗線戻り","","支持抵抗","1","155.38850"
"2025-11-01","2025-11-30","20260208_055949","20260208_055949-0016","2025-11-19 02:51:40.880000","2025-11-19 06:58:21.374000","売り","155.63900","155.53200","2.00","26.50","1957.00","抵抗線戻り","","支持抵抗","1","155.66450"
"2025-11-01","2025-11-30","20260208_055949","20260208_055949-0017","2025-11-19 12:04:45.639000","2025-11-19 16:48:20.419000","買い","155.33700","155.45600","3.00","51.30","2008.30","支持線戻り","","支持抵抗","2","155.28500"
"2025-11-01","2025-11-30","20260208_055949","20260208_055949-0018","2025-11-20 21:37:38.993000","2025-11-20 22:30:46.023000","売り","157.67700","157.46450","4.00","120.00","2128.30","抵抗線戻り","","支持抵抗","3","157.76450"
"2025-11-01","2025-11-30","20260208_055949","20260208_055949-0019","2025-11-21 16:25:20.091000","2025-11-21 16:48:50.573000","買い","157.05000","156.70000","6.00","-133.50","1994.80","支持線戻り","","支持抵抗","5","156.92250"
"2025-11-01","2025-11-30","20260208_055949","20260208_055949-0020","2025-11-24 14:05:34.846000","2025-11-24 16:49:15.350000","買い","156.52600","156.82600","1.00","30.00","2024.80","支持線戻り","","支持抵抗","0","156.52600"
"2025-11-01","2025-11-30","20260208_055949","20260208_055949-0021","2025-11-24 22:07:17.548000","2025-11-25 00:55:04.115000","売り","156.93400","156.76050","6.00","180.00","2204.80","抵抗線戻り","","支持抵抗","5","157.06050"
"2025-11-01","2025-11-30","20260208_055949","20260208_055949-0022","2025-11-25 04:57:54.414000","2025-11-25 08:59:37.551000","買い","156.77600","156.90800","2.00","31.90","2236.70","支持線戻り","","支持抵抗","1","156.74850"
"2025-11-01","2025-11-30","20260208_055949","20260208_055949-0023","2025-11-25 18:32:34.390000","2025-11-25 23:48:03.249000","買い","156.27800","155.92800","6.00","-134.30","2102.40","支持線戻り","","支持抵抗","5","156.15183"
"2025-11-01","2025-11-30","20260208_055949","20260208_055949-0024","2025-11-27 18:26:42.493000","2025-11-27 22:26:42.751000","売り","156.39000","156.30200","1.00","8.80","2111.20","抵抗線戻り","","支持抵抗","0","156.39000"
"2025-11-01","2025-11-30","20260208_055949","20260208_055949-0025","2025-11-27 23:02:57.761000","2025-11-28 03:02:58.939000","買い","156.25800","156.33800","1.00","8.00","2119.20","支持線戻り","","支持抵抗","0","156.25800"
"2025-12-01","2025-12-31","20260208_060037","20260208_060037-0001","2025-12-01 18:45:45.915000","2025-12-01 21:37:59.876000","買い","155.34100","154.98900","6.00","-134.80","1984.40","支持線戻り","","支持抵抗","5","155.21367"
"2025-12-01","2025-12-31","20260208_060037","20260208_060037-0002","2025-12-02 02:11:19.018000","2025-12-02 08:07:30.333000","売り","155.31100","155.46200","5.00","-24.90","1959.50","抵抗線戻り","","支持抵抗","4","155.41220"
"2025-12-01","2025-12-31","20260208_060037","20260208_060037-0003","2025-12-02 02:52:30.344000","2025-12-02 08:07:30.333000","売り","155.36000","155.46200","4.00","-10.10","1949.40","抵抗線戻り","","支持抵抗","3","155.43675"
"2025-12-01","2025-12-31","20260208_060037","20260208_060037-0004","2025-12-02 16:24:42.975000","2025-12-02 22:25:01.832000","売り","155.82300","156.03300","6.00","-50.40","1899.00","抵抗線戻り","","支持抵抗","5","155.94900"
"2025-12-01","2025-12-31","20260208_060037","20260208_060037-0005","2025-12-05 19:57:54.258000","2025-12-06 01:20:31.066000","売り","155.13500","155.48500","6.00","-134.30","1764.70","抵抗線戻り","","支持抵抗","5","155.26117"
"2025-12-01","2025-12-31","20260208_060037","20260208_060037-0006","2025-12-09 17:12:08.270000","2025-12-09 18:20:05.263000","売り","156.27700","156.05250","4.00","120.00","1884.70","抵抗線戻り","","支持抵抗","3","156.35250"
"2025-12-01","2025-12-31","20260208_060037","20260208_060037-0007","2025-12-09 21:15:45.638000","2025-12-10 00:00:04.625000","売り","156.28600","156.66800","6.00","-149.40","1735.30","抵抗線戻り","","支持抵抗","5","156.41900"
"2025-12-01","2025-12-31","20260208_060037","20260208_060037-0008","2025-12-11 21:07:39.022000","2025-12-11 22:30:00.702000","買い","155.76800","155.41800","6.00","-134.50","1600.80","支持線戻り","","支持抵抗","5","155.64217"
"2025-12-01","2025-12-31","20260208_060037","20260208_060037-0009","2025-12-12 14:26:23.938000","2025-12-12 21:48:05.055000","売り","155.76300","156.11500","6.00","-135.20","1465.60","抵抗線戻り","","支持抵抗","5","155.88967"
"2025-12-01","2025-12-31","20260208_060037","20260208_060037-0010","2025-12-12 19:29:09.194000","2025-12-13 01:21:00.545000","売り","155.94800","155.72475","4.00","120.00","1585.60","抵抗線戻り","","支持抵抗","3","156.02475"
"2025-12-01","2025-12-31","20260208_060037","20260208_060037-0011","2025-12-12 18:29:25.168000","2025-12-13 01:21:22.846000","売り","155.86500","155.69067","6.00","180.00","1765.60","抵抗線戻り","","支持抵抗","5","155.99067"
"2025-12-01","2025-12-31","20260208_060037","20260208_060037-0012","2025-12-12 18:22:00.440000","2025-12-13 01:48:06.222000","売り","155.85600","155.84100","6.00","84.90","1850.50","抵抗線戻り","","支持抵抗","5","155.98250"
"2025-12-01","2025-12-31","20260208_060037","20260208_060037-0013","2025-12-13 04:50:51.753000","2025-12-15 07:01:23.121000","売り","155.92800","155.82600","1.00","10.20","1860.70","抵抗線戻り","","支持抵抗","0","155.92800"
"2025-12-01","2025-12-31","20260208_060037","20260208_060037-0014","2025-12-15 13:41:25.710000","2025-12-15 19:36:19.669000","買い","155.22600","155.11500","6.00","9.10","1869.80","支持線戻り","","支持抵抗","5","155.09983"
"2025-12-01","2025-12-31","20260208_060037","20260208_060037-0015","2025-12-16 03:41:12.400000","2025-12-16 07:43:02.693000","売り","155.36400","155.22700","1.00","13.70","1883.50","抵抗線戻り","","支持抵抗","0","155.36400"
"2025-12-01","2025-12-31","20260208_060037","20260208_060037-0016","2025-12-16 14:24:30.172000","2025-12-16 18:24:35.126000","買い","154.70500","154.86900","1.00","16.40","1899.90","支持線戻り","","支持抵抗","0","154.70500"
"2025-12-01","2025-12-31","20260208_060037","20260208_060037-0017","2025-12-16 22:07:40.469000","2025-12-16 22:43:31.436000","買い","154.60700","154.80240","5.00","150.00","2049.90","支持線戻り","","支持抵抗","4","154.50240"
"2025-12-01","2025-12-31","20260208_060037","20260208_060037-0018","2025-12-18 15:19:00.280000","2025-12-18 20:01:26.381000","売り","155.88300","155.86600","2.00","8.50","2058.40","抵抗線戻り","","支持抵抗","1","155.90850"
"2025-12-01","2025-12-31","20260208_060037","20260208_060037-0019","2025-12-18 19:25:34.149000","2025-12-18 22:30:01.201000","売り","155.95600","155.65600","1.00","30.00","2088.40","抵抗線戻り","","支持抵抗","0","155.95600"
"2025-12-01","2025-12-31","20260208_060037","20260208_060037-0020","2025-12-19 11:43:17.241000","2025-12-19 12:22:06.415000","売り","155.79000","156.14700","6.00","-137.20","1951.20","抵抗線戻り","","支持抵抗","5","155.91833"
"2025-12-01","2025-12-31","20260208_060037","20260208_060037-0021","2025-12-22 11:17:55.218000","2025-12-22 15:17:58.981000","買い","157.26400","157.29200","1.00","2.80","1954.00","支持線戻り","","支持抵抗","0","157.26400"
"2025-12-01","2025-12-31","20260208_060037","20260208_060037-0022","2025-12-24 21:51:57.573000","2025-12-24 23:55:23.366000","売り","155.97600","155.70100","2.00","60.00","2014.00","抵抗線戻り","","支持抵抗","1","156.00100"
"2025-12-01","2025-12-31","20260208_060037","20260208_060037-0023","2025-12-25 02:25:16.216000","2025-12-25 06:58:12.845000","売り","155.91800","155.88900","3.00","24.00","2038.00","抵抗線戻り","","支持抵抗","2","155.96900"
"2025-12-01","2025-12-31","20260208_060037","20260208_060037-0024","2025-12-25 12:55:40.469000","2025-12-25 15:41:20.968000","買い","155.69900","155.85680","5.00","150.00","2188.00","支持線戻り","","支持抵抗","4","155.55680"
"2025-12-01","2025-12-31","20260208_060037","20260208_060037-0025","2025-12-25 11:21:22.444000","2025-12-25 15:49:40.061000","買い","155.75400","155.91000","6.00","180.00","2368.00","支持線戻り","","支持抵抗","5","155.61000"
"2025-12-01","2025-12-31","20260208_060037","20260208_060037-0026","2025-12-25 14:55:55.665000","2025-12-26 07:00:20.520000","売り","155.75800","155.90100","6.00","0.40","2368.40","抵抗線戻り","","支持抵抗","5","155.90167"
"2025-12-01","2025-12-31","20260208_060037","20260208_060037-0027","2025-12-25 15:51:04.284000","2025-12-26 07:00:20.520000","売り","155.85100","155.90100","5.00","28.50","2396.90","抵抗線戻り","","支持抵抗","4","155.95800"
"2025-12-01","2025-12-31","20260208_060037","20260208_060037-0028","2025-12-25 16:50:21.770000","2025-12-26 07:00:20.520000","売り","155.90100","155.90100","4.00","34.40","2431.30","抵抗線戻り","","支持抵抗","3","155.98700"
"2025-12-01","2025-12-31","20260208_060037","20260208_060037-0029","2025-12-30 14:02:38.330000","2025-12-30 23:26:30.680000","買い","156.05900","156.23217","6.00","180.00","2611.30","支持線戻り","","支持抵抗","5","155.93217"
"2025-12-01","2025-12-31","20260208_060037","20260208_060037-0030","2025-12-31 13:20:48.498000","2025-12-31 17:54:09.038000","売り","156.55900","156.60600","2.00","-4.20","2607.10","抵抗線戻り","","支持抵抗","1","156.58500"
"2025-12-01","2025-12-31","20260208_060037","20260208_060037-0031","2025-12-31 23:08:01.688000","2025-12-31 23:59:56.143000","売り","156.92500","156.93600","1.00","-1.10","2606.00","抵抗線戻り","","支持抵抗","0","156.92500"
